/*
 Navicat Premium Data Transfer

 Source Server         : xdz
 Source Server Type    : MySQL
 Source Server Version : 50625
 Source Host           : localhost:3306
 Source Schema         : goods

 Target Server Type    : MySQL
 Target Server Version : 50625
 File Encoding         : 65001

 Date: 08/07/2019 09:09:48
*/

SET NAMES utf8mb4;
SET FOREIGN_KEY_CHECKS = 0;

-- ----------------------------
-- Table structure for t_admin
-- ----------------------------
DROP TABLE IF EXISTS `t_admin`;
CREATE TABLE `t_admin`  (
  `adminId` char(32) CHARACTER SET utf8 COLLATE utf8_general_ci NOT NULL,
  `adminname` varchar(50) CHARACTER SET utf8 COLLATE utf8_general_ci DEFAULT NULL,
  `adminpwd` varchar(50) CHARACTER SET utf8 COLLATE utf8_general_ci DEFAULT NULL,
  PRIMARY KEY (`adminId`) USING BTREE
) ENGINE = InnoDB CHARACTER SET = utf8 COLLATE = utf8_general_ci ROW_FORMAT = Compact;

-- ----------------------------
-- Records of t_admin
-- ----------------------------
INSERT INTO `t_admin` VALUES ('001', 'xdz', '123');

-- ----------------------------
-- Table structure for t_book
-- ----------------------------
DROP TABLE IF EXISTS `t_book`;
CREATE TABLE `t_book`  (
  `bid` char(32) CHARACTER SET utf8 COLLATE utf8_general_ci NOT NULL,
  `bname` varchar(200) CHARACTER SET utf8 COLLATE utf8_general_ci DEFAULT NULL,
  `author` varchar(50) CHARACTER SET utf8 COLLATE utf8_general_ci DEFAULT NULL,
  `price` decimal(8, 2) DEFAULT NULL,
  `currPrice` decimal(8, 2) DEFAULT NULL,
  `discount` decimal(3, 1) DEFAULT NULL,
  `press` varchar(100) CHARACTER SET utf8 COLLATE utf8_general_ci DEFAULT NULL,
  `publishtime` char(10) CHARACTER SET utf8 COLLATE utf8_general_ci DEFAULT NULL,
  `edition` int(11) DEFAULT NULL,
  `pageNum` int(11) DEFAULT NULL,
  `wordNum` int(11) DEFAULT NULL,
  `printtime` char(10) CHARACTER SET utf8 COLLATE utf8_general_ci DEFAULT NULL,
  `booksize` int(11) DEFAULT NULL,
  `paper` varchar(50) CHARACTER SET utf8 COLLATE utf8_general_ci DEFAULT NULL,
  `cid` char(32) CHARACTER SET utf8 COLLATE utf8_general_ci DEFAULT NULL,
  `image_w` varchar(100) CHARACTER SET utf8 COLLATE utf8_general_ci DEFAULT NULL,
  `image_b` varchar(100) CHARACTER SET utf8 COLLATE utf8_general_ci DEFAULT NULL,
  `orderBy` int(11) NOT NULL AUTO_INCREMENT,
  `status` int(1) DEFAULT 1,
  PRIMARY KEY (`bid`) USING BTREE,
  INDEX `orderBy`(`orderBy`) USING BTREE,
  INDEX `FK_t_book_t_category`(`cid`) USING BTREE,
  CONSTRAINT `FK_t_book_t_category` FOREIGN KEY (`cid`) REFERENCES `t_category` (`cid`) ON DELETE RESTRICT ON UPDATE RESTRICT
) ENGINE = InnoDB AUTO_INCREMENT = 175 CHARACTER SET = utf8 COLLATE = utf8_general_ci ROW_FORMAT = Compact;

-- ----------------------------
-- Records of t_book
-- ----------------------------
INSERT INTO `t_book` VALUES ('000A18FDB38F470DBE9CD0972BADB23F', 'Java Web整合开发实战--基于Struts 2+Hibernate+Spring（99个应用实例，4个项目开发案例，15.5小时配套教学视频，超值DVD光盘含大量开发资源。一本书搞定SSH框架整合开发！）', '贾蓓', 79.80, 55.10, 6.9, '清华大学出版社', '2013-07-01', 1, 640, 1030000, '2013-7-1', 16, '胶版纸', '458795C27E7346A8A5F1B942319297E0', 'book_img/23268958-1_w.jpg', 'book_img/23268958-1_b.jpg', 16, 1);
INSERT INTO `t_book` VALUES ('0BE0707984014E66BD9F34F534FCE0F7', 'OSGi实战【OSGi规范制定者亲自撰写 汇集Apache项目技术实战经验】', 'Richard', 99.00, 68.30, 6.9, '人民邮电出版社', '2013-01-01', 1, 468, 721000, '2013-1-1', 16, '胶版纸', '1', 'book_img/22938396-1_w.jpg', 'book_img/22938396-1_b.jpg', 58, 1);
INSERT INTO `t_book` VALUES ('0CB1EED3D0C14E5CB0133248BA9D8E77', '11111', 'Craig Walls', 59.00, 40.70, 6.9, '人民邮电出版社', '2013-6-1', 1, 374, 48700, '2013-6-1', 16, '胶版纸', '97DDF554DA0A460B887FBCAD4F572C09', 'book_img/D439FC1CA4D6408DB2C51E68334A5A30_696673-1_w.jpg', 'book_img/9AFCB4AF621D49BB919B6C537157B860_696673-1_b.jpg', 173, 1);
INSERT INTO `t_book` VALUES ('0EE8A0AE69154287A378FB110FF2C780', 'Java核心技术：卷Ⅰ基础知识（原书第8版）', '昊斯特曼', 98.00, 67.60, 6.9, '机械工业出版社', '2008-06-01', 1, 694, 0, '2008-6-1', 16, '胶版纸', '1', 'book_img/20285763-1_w.jpg', 'book_img/20285763-1_b.jpg', 12, 1);
INSERT INTO `t_book` VALUES ('113D0D1BB9174DD19A7DE7E2B37F677F', 'Java7入门经典（跟编程导师Ivor Horton学Java 预计到货日期9月初）', '霍尔顿', 118.00, 81.40, 6.9, '清华大学出版社', '2012-08-01', 1, 1124, 1918000, '2012-8-1', 16, '胶版纸', '1', 'book_img/22813026-1_w.jpg', 'book_img/22813026-1_b.jpg', 94, 1);
INSERT INTO `t_book` VALUES ('1286B13F0EA54E4CB75434762121486A', 'Java核心技术 卷I：基础知识(第9版·英文版)(上、下册)', '霍斯特曼', 109.00, 75.20, 6.9, '人民邮电出版社', '2013-07-01', 1, 0, 1197000, '2013-7-1', 16, '胶版纸', '1', 'book_img/23280479-1_w.jpg', 'book_img/23280479-1_b.jpg', 65, 1);
INSERT INTO `t_book` VALUES ('13EBF9B1FDE346A683A1C45BD6773ECB', 'Java开发实战1200例（第Ⅱ卷）（史上最全的“编程实例”类图书，代码分析、实例速查、练习巩固的绝好帮手）', '无', 99.00, 68.30, 6.9, '清华大学出版社', '0000-00-00', 1, 0, 1754000, '2011-6-1', 16, '胶版纸', '1', 'book_img/21110930-1_w_1.jpg', 'book_img/21110930-1_b.jpg', 83, 1);
INSERT INTO `t_book` VALUES ('1A15DC5E8A014A58862ED741D579B530', 'Java深入解析——透析Java本质的36个话题', '梁勇', 49.00, 33.80, 6.9, '电子工业出版社', '2013-11-01', 1, 298, 424000, '2013-11-1', 16, '胶版纸', '1', 'book_img/23363997-1_w_1.jpg', 'book_img/23363997-1_b.jpg', 86, 1);
INSERT INTO `t_book` VALUES ('210A3DCA429049C78B623C3986BEB136', 'JavaScript经典教程套装：JavaScript高级程序设计(第3版)+JavaScript DOM编程艺术(第2版)(套装共2册)(超值附赠《码农》光盘1张)', 'Nicholas C. Zakas', 148.00, 88.80, 6.0, '人民邮电出版社', '2013-04-01', 1, 1048, 0, '2013-4-1', 16, '胶版纸', '1', 'book_img/23224089-1_w.jpg', 'book_img/23224089-1_b.jpg', 93, 1);
INSERT INTO `t_book` VALUES ('22234CECF15F4ECB813F0B433DDA5365', 'JavaScript从入门到精通（附光盘1张）（连续8月JavaScript类全国零售排行前2名，13小时视频，400个经典实例、369项面试真题、138项测试史上最全资源库）', '明日科技', 69.80, 48.20, 6.9, '清华大学出版社', '2012-09-01', 1, 532, 939000, '2012-9-1', 16, '胶版纸', '1', 'book_img/22862057-1_w.jpg', 'book_img/22862057-1_b.jpg', 20, 1);
INSERT INTO `t_book` VALUES ('230A00EC22BF4A1DBA87C64800B54C8D', 'Struts2技术内幕：深入解析Struts架构设计与实现原理', '陆舟', 69.00, 47.60, 6.9, '机械工业出版社', '2012-01-01', 1, 379, 0, '2012-1-1', 16, '胶版纸', '1', 'book_img/22577578-1_w.jpg', 'book_img/22577578-1_b.jpg', 56, 1);
INSERT INTO `t_book` VALUES ('24023887', 'Excel三大神器：函数与公式+数据透视表+VBA其实很简单（套装共3册） 当加班成为常态，改变在所难免，Excel三大神器，让效率飞起来', 'Excel', 257.00, 128.50, 5.0, '北京大学出版社', '0000-00-00', NULL, NULL, NULL, '2016年08月', 16, '胶版纸', '2', 'book_img/24023887-1_w_6.jpg', 'book_img/24023887-1_b_6.jpg', 121, 1);
INSERT INTO `t_book` VALUES ('25167007', '和秋叶一起学Word Excel PPT(套装共3册） 让秋叶PPT带你学办公软件 学PowerPoint幻灯片学excel数据处理与分析学word文档制作 现代商务办公从新手到高手教程书籍 赠数百套模板和文件 还有技术分享和秋叶原创作品等资源 获取见书签', '秋叶', 267.00, 133.50, 5.0, '人民邮电出版社', '0000-00-00', NULL, NULL, NULL, '2017年09月', 16, '胶版纸', '2', 'book_img/25167007-1_w_4.jpg', 'book_img/25167007-1_b_4.jpg', 103, 2);
INSERT INTO `t_book` VALUES ('260F8A3594F741C1B0EB69616F65045B', 'Tomcat与Java Web开发技术详解（第2版）(含光盘1张)', '孙卫琴', 79.50, 54.90, 6.9, '电子工业出版社', '2009-01-01', 1, 734, 1216000, '2009-1-1', 16, '胶版纸', '1', 'book_img/20420983-1_w.jpg', 'book_img/20420983-1_b.jpg', 74, 2);
INSERT INTO `t_book` VALUES ('28A03D28BAD449659A77330BE35FCD65', 'JAVA核心技术卷II：高级特性（原书第8版）', '霍斯特曼', 118.00, 81.40, 6.9, '机械工业出版社', '2008-12-01', 1, 852, 0, '2008-12-1', 16, '胶版纸', '1', 'book_img/20446562-1_w.jpg', 'book_img/20446562-1_b.jpg', 18, 2);
INSERT INTO `t_book` VALUES ('2EE1A20A6AF742E387E18619D7E3BB94', 'Java虚拟机并发编程(Java并发编程领域的里程碑之作，资深Java技术专家、并发编程专家、敏捷开发专家和Jolt大奖得主撰写，Amazon五星畅销书)', 'Venkat Subramaniam', 59.00, 40.70, 6.9, '机械工业出版社', '2013-05-01', 1, 215, 0, '2013-5-1', 16, '胶版纸', '1', 'book_img/23239786-1_w.jpg', 'book_img/23239786-1_b.jpg', 54, 2);
INSERT INTO `t_book` VALUES ('33ACF97A9A374352AE9F5E89BB791262', '基于MVC的JavaScript Web富应用开发', '麦卡劳', 59.00, 40.70, 6.9, '电子工业出版社', '2012-05-01', 1, 282, 462000, '2012-5-1', 16, '胶版纸', '5F79D0D246AD4216AC04E9C5FAB3199E', 'book_img/22757564-1_w.jpg', 'book_img/22757564-1_b.jpg', 34, 2);
INSERT INTO `t_book` VALUES ('37F75BEAE1FE46F2B14674923F1E7987', '数据结构与算法分析Java语言描述 第2版', '韦斯', 55.00, 38.00, 6.9, '机械工业出版社', '2009-01-01', 2, 440, 0, '2009-1-1', 16, '胶版纸', '5F79D0D246AD4216AC04E9C5FAB3199E', 'book_img/20417467-1_w.jpg', 'book_img/20417467-1_b.jpg', 32, 2);
INSERT INTO `t_book` VALUES ('39F1D0803E8F4592AE1245CACE683214', 'Java程序员修炼之道', '埃文斯', 89.00, 61.40, 6.9, '人民邮电出版社', '2013-08-01', 1, 395, 658000, '2013-8-1', 16, '胶版纸', '5F79D0D246AD4216AC04E9C5FAB3199E', 'book_img/23301847-1_w_1.jpg', 'book_img/23301847-1_b.jpg', 36, 2);
INSERT INTO `t_book` VALUES ('3AE5C8B976B6448A9D3A155C1BDE12BC', '深入理解Java虚拟机:JVM高级特性与最佳实践（超级畅销书，6个月5次印刷，从实践角度解析JVM工作原理，Java程序员必备）', '周志明', 69.00, 47.60, 6.9, '机械工业出版社', '0000-00-00', 1, 0, 0, '2011-7-1', 16, '胶版纸', '5F79D0D246AD4216AC04E9C5FAB3199E', 'book_img/21108671-1_w_1.jpg', 'book_img/21108671-1_b.jpg', 66, 2);
INSERT INTO `t_book` VALUES ('3DD187217BF44A99B86DD18A4DC628BA', 'Java核心技术 卷1 基础知识（原书第9版）', '霍斯特曼，科内尔', 119.00, 82.10, 6.9, '机械工业出版社', '2014-01-01', 1, 704, 0, '2014-1-1', 16, '胶版纸', '5F79D0D246AD4216AC04E9C5FAB3199E', 'book_img/23362142-1_w_1.jpg', 'book_img/23362142-1_b.jpg', 9, 2);
INSERT INTO `t_book` VALUES ('3E1990E19989422E9DA735978CB1E4CE', 'Effective Java中文版(第2版)', '布洛克', 52.00, 35.90, 6.9, '机械工业出版社', '2009-01-01', 2, 287, 0, '2009-1-1', 16, '胶版纸', '5F79D0D246AD4216AC04E9C5FAB3199E', 'book_img/20459091-1_w.jpg', 'book_img/20459091-1_b.jpg', 25, 2);
INSERT INTO `t_book` VALUES ('400D94DE5A0742B3A618FC76DF107183', 'JavaScript宝典（第7版）（配光盘）', '古德曼', 128.00, 88.30, 6.9, '清华大学出版社', '2013-01-01', 1, 1012, 1657000, '2013-1-1', 32, '胶版纸', '5F79D0D246AD4216AC04E9C5FAB3199E', 'book_img/23169892-1_w.jpg', 'book_img/23169892-1_b.jpg', 88, 2);
INSERT INTO `t_book` VALUES ('4491EA4832E04B8B94F334B71E871983', 'Java语言程序设计：进阶篇（原书第8版）', '梁勇', 79.00, 54.50, 6.9, '机械工业出版社', '2011-06-01', 1, 507, 0, '2011-6-1', 16, '胶版纸', '5F79D0D246AD4216AC04E9C5FAB3199E', 'book_img/21117631-1_w_1.jpg', 'book_img/21117631-1_b.jpg', 48, 2);
INSERT INTO `t_book` VALUES ('48BBFBFC07074ADE8CC906A45BE5D9A6', 'JavaScript权威指南（第6版）（淘宝前端团队倾情翻译！经典权威的JavaScript犀牛书！第6版特别涵盖了HTML5和ECMAScript5！）（经典巨著，当当独家首发）', '弗兰纳根', 139.00, 95.30, 6.9, '机械工业出版社', '2012-04-01', 1, 1004, 0, '2012-4-1', 16, '胶版纸', '5F79D0D246AD4216AC04E9C5FAB3199E', 'book_img/22722790-1_w.jpg', 'book_img/22722790-1_b.jpg', 4, 2);
INSERT INTO `t_book` VALUES ('49D98E7916B94232862F7DCD1B0BAB66', 'HTML5+JavaScript动画基础', '兰贝塔', 69.00, 47.60, 6.9, '人民邮电出版社', '2013-06-01', 1, 393, 553000, '2013-6-1', 16, '胶版纸', '5F79D0D246AD4216AC04E9C5FAB3199E', 'book_img/23266633-1_w.jpg', 'book_img/23266633-1_b.jpg', 51, 2);
INSERT INTO `t_book` VALUES ('4A9574F03A6B40C1B2A437237C17DEEC', 'Spring实战(第3版)（In Action系列中最畅销的Spring图书，近十万读者学习Spring的共同选择）', 'Craig Walls', 59.00, 40.70, 6.9, '人民邮电出版社', '2013-06-01', 1, 374, 487000, '2013-6-1', 16, '胶版纸', '5F79D0D246AD4216AC04E9C5FAB3199E', 'book_img/23254532-1_w.jpg', 'book_img/23254532-1_b.jpg', 11, 2);
INSERT INTO `t_book` VALUES ('4BF6D97DD18A4B77B8DED9B057577F8F', 'Java Web从入门到精通（附光盘1张）（连续8月Java类全国零售排行前2名，27小时视频，951个经典实例、369项面试真题、596项测试史上最全资源库）', '明日科技', 69.80, 48.20, 6.9, '清华大学出版社', '2012-09-01', 1, 547, 979000, '2012-9-1', 16, '胶版纸', '5F79D0D246AD4216AC04E9C5FAB3199E', 'book_img/22862056-1_w.jpg', 'book_img/22862056-1_b.jpg', 23, 2);
INSERT INTO `t_book` VALUES ('4C3331CAD5A5453787A94B8D7CCEAA29', 'Java Web整合开发王者归来（JSP+Servlet+Struts+Hibernate+Spring）（配光盘', '刘京华', 99.80, 68.90, 6.9, '清华大学出版社', '2010-01-01', 1, 1010, 1368000, '2010-1-1', 16, '胶版纸', '5F79D0D246AD4216AC04E9C5FAB3199E', 'book_img/20756351-1_w_1.jpg', 'book_img/20756351-1_b_1.jpg', 17, 2);
INSERT INTO `t_book` VALUES ('4D20D2450B084113A331D909FF4975EB', 'jQuery实战(第2版)(畅销书升级版，掌握Web开发利器必修宝典)', 'Bear Bibeault　Yehuda Katz ', 69.00, 47.60, 6.9, '人民邮电出版社', '2012-03-01', 1, 394, 617000, '2012-3-1', 16, '胶版纸', '5F79D0D246AD4216AC04E9C5FAB3199E', 'book_img/22638286-1_w.jpg', 'book_img/22638286-1_b.jpg', 79, 2);
INSERT INTO `t_book` VALUES ('4E44405DAFB7413E8A13BBFFBEE73AC7', 'JavaScript经典实例', '鲍尔斯', 78.00, 53.80, 6.9, '中国电力出版社', '2012-03-01', 1, 512, 625000, '2012-3-1', 16, '胶版纸', '5F79D0D246AD4216AC04E9C5FAB3199E', 'book_img/22692811-1_w.jpg', 'book_img/22692811-1_b.jpg', 68, 2);
INSERT INTO `t_book` VALUES ('504FB999B0444B339907090927FDBE8A', '深入浅出Ext JS(第3版)', '徐会生', 69.00, 47.60, 6.9, '人民邮电出版社', '2013-10-01', 3, 413, 642000, '2013-10-1', 16, '胶版纸', '5F79D0D246AD4216AC04E9C5FAB3199E', 'book_img/23351049-1_w_1.jpg', 'book_img/23351049-1_b.jpg', 71, 2);
INSERT INTO `t_book` VALUES ('52077C8423B645A9BADA96A5E0B14422', 'Spring源码深度解析', '郝佳', 69.00, 47.60, 6.9, '人民邮电出版社', '2013-09-01', 1, 386, 545000, '2013-8-30', 16, '胶版纸', '5F79D0D246AD4216AC04E9C5FAB3199E', 'book_img/23329703-1_w_1.jpg', 'book_img/23329703-1_b.jpg', 52, 2);
INSERT INTO `t_book` VALUES ('52B0EDFF966E4A058BDA5B18EEC698C4', '亮剑Java Web项目开发案例导航(含DVD光盘1张)', '朱雪琴', 69.00, 41.40, 6.0, '电子工业出版社', '2012-03-01', 1, 526, 875000, '2012-3-1', 16, '胶版纸', '5F79D0D246AD4216AC04E9C5FAB3199E', 'book_img/22623766-1_w.jpg', 'book_img/22623766-1_b.jpg', 81, 2);
INSERT INTO `t_book` VALUES ('5315DA60D24042889400AD4C93A37501', 'Spring 3.x企业应用开发实战(含CD光盘1张)', '陈雄华', 90.00, 62.10, 6.9, '电子工业出版社', '2012-02-01', 1, 710, 1158000, '2012-2-1', 16, '胶版纸', '5F79D0D246AD4216AC04E9C5FAB3199E', 'book_img/22605701-1_w.jpg', 'book_img/22605701-1_b.jpg', 24, 1);
INSERT INTO `t_book` VALUES ('56B1B7D8CD8740B098677C7216A673C4', '疯狂 Java 程序员的基本修养（《疯狂Java讲义》最佳拍档，扫清知识死角，夯实基本功）', '李刚', 59.00, 40.70, 6.9, '电子工业出版社', '2013-01-01', 1, 484, 7710000, '2013-1-1', 16, '胶版纸', '5F79D0D246AD4216AC04E9C5FAB3199E', 'book_img/23042420-1_w.jpg', 'book_img/23042420-1_b.jpg', 89, 1);
INSERT INTO `t_book` VALUES ('57B6FF1B89C843C38BA39C717FA557D6', '了不起的Node.js: 将JavaScript进行到底（Web开发首选实时 跨多服务器 高并发）', 'Guillermo Rauch', 79.00, 54.50, 6.9, '电子工业出版社', '2014-01-01', 1, 292, 436000, '2014-1-1', 16, '胶版纸', '5F79D0D246AD4216AC04E9C5FAB3199E', 'book_img/23368351-1_w_2.jpg', 'book_img/23368351-1_b.jpg', 8, 1);
INSERT INTO `t_book` VALUES ('5C4A6F0F4A3B4672AD8C5F89BF5D37D2', 'Java从入门到精通（第3版）（附光盘1张）（连续8月Java类全国零售排行前2名，32小时视频，732个经典实例、369项面试真题、616项测试史上最全资源库）', '徐东忠', 59.80, 41.30, 6.9, '清华大学出版社', '2012-09-01', 3, 564, 1013000, '2012-9-1', 16, '胶版纸', '5F79D0D246AD4216AC04E9C5FAB3199E', 'book_img/22862060-1_w.jpg', 'book_img/22862060-1_b.jpg', 1, 1);
INSERT INTO `t_book` VALUES ('5C68141786B84A4CB8929A2415040739', 'JavaScript高级程序设计(第3版)(JavaScript技术名著，国内JavasScript第一书，销量超过8万册)', 'Nicholas C. Zakas', 99.00, 68.30, 6.9, '人民邮电出版社', '2012-03-01', 1, 730, 1092000, '2012-3-1', 16, '胶版纸', '5F79D0D246AD4216AC04E9C5FAB3199E', 'book_img/22628333-1_w.jpg', 'book_img/22628333-1_b.jpg', 5, 1);
INSERT INTO `t_book` VALUES ('5EDB981339C342ED8DB17D5A198D50DC', 'Java程序性能优化', '葛一鸣', 59.00, 40.70, 6.9, '清华大学出版社', '2012-10-01', 1, 400, 649000, '2012-10-1', 16, '胶版纸', '5F79D0D246AD4216AC04E9C5FAB3199E', 'book_img/22881618-1_w.jpg', 'book_img/22881618-1_b.jpg', 27, 1);
INSERT INTO `t_book` VALUES ('6398A7BA400D40258796BCBB2B256068', 'JavaScript设计模式', 'Addy Osmani', 49.00, 33.80, 6.9, '人民邮电出版社', '2013-06-01', 1, 241, 301000, '2013-6-1', 16, '胶版纸', '1', 'book_img/23266635-1_w.jpg', 'book_img/23266635-1_b.jpg', 40, 3);
INSERT INTO `t_book` VALUES ('676B56A612AF4E968CF0F6FFE289269D', 'JavaScript和jQuery实战手册（原书第2版）', '麦克法兰', 99.00, 68.30, 6.9, '机械工业出版社', '2013-03-11', 1, 504, 0, '2013-3-1', 16, '胶版纸', '1', 'book_img/23201813-1_w.jpg', 'book_img/23201813-1_b.jpg', 42, 3);
INSERT INTO `t_book` VALUES ('6D1FC9FC48F84C69BFB98243A728A9EA', '徐东忠', 'Craig Walls', 59.00, 40.70, 6.9, '人民邮电出版社', '2013-6-1', 1, 374, 48700, '2013-6-1', 16, '胶版纸', 'C013802B2C364D899B1D8C1213122F09', 'book_img/BA8A0C6EABA8479B808FDEC47E67D418_9186890-1_w.jpg', 'book_img/3F4E3633CCEF4657816A6A2B7E0BF180_9186890-1_b.jpg', 172, 1);
INSERT INTO `t_book` VALUES ('7917F5B19A0948FD9551932909328E4E', 'Java项目开发案例全程实录（第2版）（配光盘）（软件项目开发全程实录丛书）', '明日科技', 69.80, 48.20, 6.9, '清华大学出版社', '2011-01-01', 2, 605, 1037000, '2011-1-1', 16, '胶版纸', '1', 'book_img/20991549-1_w_1.jpg', 'book_img/20991549-1_b.jpg', 64, 3);
INSERT INTO `t_book` VALUES ('7C0C785FFBEC4DEC802FA36E8B0BC87E', '深入分析Java Web技术内幕', '许令波', 69.00, 47.60, 6.9, '电子工业出版社', '2012-09-01', 1, 442, 746000, '2012-9-1', 16, '胶版纸', '1', 'book_img/22881803-1_w.jpg', 'book_img/22881803-1_b.jpg', 50, 3);
INSERT INTO `t_book` VALUES ('7CD79C20258F477AB841518D9312E843', 'Java程序员面试宝典（第三版）', '欧立奇', 49.00, 33.80, 6.9, '电子工业出版社', '2013-09-01', 1, 359, 446400, '2013-9-1', 16, '胶版纸', '1', 'book_img/23348683-1_w_1.jpg', 'book_img/23348683-1_b.jpg', 44, 3);
INSERT INTO `t_book` VALUES ('7D7FE81293124793BDB2C6FF1F1C943D', '21天学通Java(第6版)（中文版累计销量超30000册）', 'Rogers Cadenhead', 55.00, 38.00, 6.9, '人民邮电出版社', '2013-04-01', 1, 410, 781000, '2013-4-1', 16, '胶版纸', '1', 'book_img/23219731-1_w.jpg', 'book_img/23219731-1_b.jpg', 46, 3);
INSERT INTO `t_book` VALUES ('7FD7F50B15F74248AA769798909F8653', 'Java网络编程（第3版）——O’Reilly Java系列', '哈诺德', 85.00, 51.00, 6.0, '中国电力出版社', '2005-11-01', 1, 718, 668000, '2005-11-1', 16, '胶版纸', '1', 'book_img/9062293-1_w.jpg', 'book_img/9062293-1_b.jpg', 35, 3);
INSERT INTO `t_book` VALUES ('819FF56E4423462394E6F83882F78975', '学通Java Web的24堂课（配光盘）（软件开发羊皮卷）', '陈丹丹', 79.80, 55.10, 6.9, '清华大学出版社', '2011-06-01', 1, 718, 1488000, '2011-6-1', 16, '胶版纸', '1', 'book_img/21118835-1_w_1.jpg', 'book_img/21118835-1_b.jpg', 91, 3);
INSERT INTO `t_book` VALUES ('81FADA99309342F4978D5C680B0C6E8C', 'Java入门很简单（配光盘）（入门很简单丛书）（打开Java编程之门 Java技术网推荐）', '李世民', 59.80, 41.30, 6.9, '清华大学出版社', '2012-08-01', 1, 459, 745000, '2012-8-1', 16, '胶版纸', '1', 'book_img/22839309-1_w.jpg', 'book_img/22839309-1_b.jpg', 85, 3);
INSERT INTO `t_book` VALUES ('89A57D099EA14026A5C3D10CFC10C22C', 'Java 2实用教程（第4版）（21世纪高等学校计算机基础实用规划教材）', '耿祥义', 39.50, 31.60, 8.0, '清华大学出版社', '2012-08-01', 4, 479, 782000, '2012-8-1', 16, '胶版纸', '1', 'book_img/22844118-1_w.jpg', 'book_img/22844118-1_b.jpg', 73, 3);
INSERT INTO `t_book` VALUES ('8A5B4042D5B14D6B87A34DABF327387F', 'Java核心技术 卷II：高级特性(第9版·英文版)(上、下册)', '霍斯特曼', 119.00, 82.10, 6.9, '人民邮电出版社', '2013-07-01', 1, 1118, 1370000, '2013-7-1', 16, '胶版纸', '1', 'book_img/23280478-1_w.jpg', 'book_img/23280478-1_b.jpg', 57, 3);
INSERT INTO `t_book` VALUES ('8DD0ADF2665B40899E09ED2983DC3F7B', 'jQuery权威指南（被公认的权威的、易学的jQuery实战教程，多次重印，热销中）', '陶国荣', 59.00, 40.70, 6.9, '机械工业出版社', '2011-01-01', 1, 385, 0, '2011-1-1', 16, '胶版纸', '1', 'book_img/21006995-1_w_1.jpg', 'book_img/21006995-1_b.jpg', 75, 3);
INSERT INTO `t_book` VALUES ('8E16D59BA4C34374A68029AE877613C4', '轻量级Java EE企业应用实战（第3版）：Struts 2＋Spring 3＋Hibernate整合开发(含CD光盘1张)', '李刚', 99.00, 68.30, 6.9, '电子工业出版社', '2012-04-01', 1, 816, 1440000, '2012-4-1', 16, '胶版纸', '1', 'book_img/22685703-1_w.jpg', 'book_img/22685703-1_b.jpg', 6, 3);
INSERT INTO `t_book` VALUES ('8F1520F2CED94C679433B9C109E791CB', 'Java从入门到精通（实例版）（附光盘1张）（连续8月Java类全国零售排行前2名，14小时视频，732个经典实例、369项面试真题、616项测试史上最全资源库）', '明日科技', 69.80, 47.60, 6.9, '清华大学出版社', '2012-09-01', 1, 548, 986000, '2012-9-1', 16, '胶版纸', '1', 'book_img/22862061-1_w.jpg', 'book_img/22862061-1_b.jpg', 49, 3);
INSERT INTO `t_book` VALUES ('90E423DBE56042838806673DB3E86BD3', '《Spring技术内幕（第2版）》（畅销书全新升级，Spring类图书销量桂冠，从宏观和微观两个角度解析Spring架构设计和实现原理）', '计文柯', 69.00, 47.60, 6.9, '机械工业出版社', '2012-02-01', 2, 399, 0, '2012-2-1', 16, '胶版纸', '1', 'book_img/22606836-1_w.jpg', 'book_img/22606836-1_b.jpg', 45, 3);
INSERT INTO `t_book` VALUES ('926B8F31C5D04F61A72F66679A0CCFFD', 'JavaScript编程精解（华章程序员书库）（JavaScript之父高度评价并强力推荐，系统学习JS首选！）', '哈弗贝克', 49.00, 33.80, 6.9, '械工业出版社', '2012-09-01', 1, 162, 0, '2012-9-1', 16, '胶版纸', '1', 'book_img/22873894-1_w.jpg', 'book_img/22873894-1_b.jpg', 70, 3);
INSERT INTO `t_book` VALUES ('95AACC68D64D4D67B1E33E9EAC22B885', 'Head First Java（中文版）（JAVA经典畅销书 生动有趣 轻松学好JAVA）', '塞若', 79.00, 47.40, 6.0, '中国电力出版社', '2007-02-01', 1, 689, 983000, '2001-7-2', 16, '胶版纸', '1', 'book_img/9265169-1_w.jpg', 'book_img/9265169-1_b.jpg', 13, 3);
INSERT INTO `t_book` VALUES ('97437DAD03FA456AA7D6154614A43B55', 'HTML、CSS、JavaScript网页制作从入门到精通（两万读者的选择，经久不衰的超级畅销书最新升级版！网页制作学习者入门必读经典！）', '刘西杰', 49.00, 32.90, 6.7, '人民邮电出版社', '2012-12-24', 1, 450, 705000, '2012-12-24', 16, '胶版纸', '1', 'book_img/22928649-1_w.jpg', 'book_img/22928649-1_b.jpg', 3, 3);
INSERT INTO `t_book` VALUES ('9787111304265', '操作系统：精髓与设计原理（原书第6版）', '斯托林斯', 69.00, 50.20, 7.3, '机械工业出版社', '2010-09-01', 1, NULL, NULL, '2010年09月', 16, '胶版纸', NULL, 'E:\\备份\\images\\20919066-1_w_2.jpg,E:\\备份\\images\\25310842-1_l_3.jpg,E:\\备份\\images\\26436786-1_l_1.jpg,E:\\备', 'E:\\备份\\images\\20919066-1_b_0.jpg', 144, 3);
INSERT INTO `t_book` VALUES ('9787111573692', '现代操作系统（原书第4版） 操作系统经典教材全新升级，与时俱进呈现当代操作系统的基础理论与研究动态', 'Andrew', 89.00, 70.30, 7.9, '机械工业出版社', '2017-07-24', 1, NULL, NULL, '2017年07月', 16, '胶版纸', NULL, 'E:\\备份\\images\\25120190-1_w_3.jpg,E:\\备份\\images\\23697183-1_x_1.jpg,E:\\备份\\images\\24019728-1_x_18.jpg,E:\\', 'E:\\备份\\images\\25120190-1_b_3.jpg', 142, 1);
INSERT INTO `t_book` VALUES ('9787111581659', '现代操作系统（英文版·第4版） 经典操作系统教材，学习操作系统的必读书', 'Andrew', 139.00, 115.30, 8.3, '机械工业出版社', '2017-11-20', 1, NULL, NULL, '2017年11月', 16, '胶版纸', NULL, 'E:\\备份\\images\\25192674-1_w_2.jpg,E:\\备份\\images\\22526992-1_l_1.jpg,E:\\备份\\images\\24106647-1_l_6.jpg,E:\\备', 'E:\\备份\\images\\25192674-1_b_2.jpg', 150, 1);
INSERT INTO `t_book` VALUES ('9787111604365', '操作系统概念（原书第9版） Silberschatz操作系统经典教材，新增多核系统和移动计算的重要内容！', '亚伯拉罕·西尔伯沙茨', 99.00, 81.80, 8.3, '机械工业出版社', '2018-07-17', 1, NULL, NULL, '2018年07月', 16, '胶版纸', NULL, 'E:\\备份\\images\\25310842-1_w_3.jpg,E:\\备份\\images\\23697183-1_x_1.jpg,E:\\备份\\images\\24019728-1_x_18.jpg,E:\\', 'E:\\备份\\images\\25310842-1_b_3.jpg', 139, 1);
INSERT INTO `t_book` VALUES ('9787111606482', '操作系统概念精要（原书第2版） 经典教材《操作系统概念》的精简版，强调基础概念，更适合本科阶段的教学。', '亚伯拉罕·西尔伯沙茨', 95.00, 78.80, 8.3, '机械工业出版社', '2018-08-20', 1, NULL, NULL, '2018年08月', 16, '胶版纸', NULL, 'E:\\备份\\images\\25328549-1_w_3.jpg,E:\\备份\\images\\26491259-1_l_2.jpg,E:\\备份\\images\\25536617-1_l_3.jpg,E:\\备', 'E:\\备份\\images\\25328549-1_b_3.jpg', 151, 1);
INSERT INTO `t_book` VALUES ('9787111621911', '操作系统设计：Xinu方法（原书第2版） 美国普渡大学资*教授道格拉斯?科默倾力巨作，北京大学操作系统名师陈向群教授翻译。', '道格拉斯·科默', 99.00, 78.20, 7.9, '机械工业出版社', '2019-04-10', 1, NULL, NULL, '2019年04月', 16, '胶版纸', NULL, 'E:\\备份\\images\\27857160-1_w_2.jpg,E:\\备份\\images\\25345462-1_x_14.jpg,E:\\备份\\images\\24013685-1_x_6.jpg,E:\\', 'E:\\备份\\images\\27857160-1_b_2.jpg', 143, 1);
INSERT INTO `t_book` VALUES ('9787115219121', 'Excel在会计与财务管理日常工作中的应用（附光盘）(超值赠送Office 2007办公应用视频讲解、Word/Exc excel高效办公必备手册 excel应用大全 excel函数详解精粹 你早该这么玩excel', '神龙工作室', 49.80, 24.90, 5.0, '人民邮电出版社', '0000-00-00', 1, NULL, NULL, '2010年03月', 16, '胶版纸', '2', 'book_img/20810252-1_w_4.jpg', 'book_img/20810252-1_b_4.jpg', 129, 1);
INSERT INTO `t_book` VALUES ('9787115286291', 'Excel高效办公——数据处理与分析(修订版)(数据排序/筛选/分类汇总/数据透视表/函数与公式/图表等必备知识+ 七 专门为市场营销销售运营数据分析和财务会计等人员打造的Excel应用大全 精解Excel函数与公式 数据处理等在工作中的应用 你早该这样玩Excel 赠光盘含视频讲解 和千套高效办公模板', '邓芳', 49.80, 24.90, 5.0, '人民邮电出版社', '0000-00-00', 1, NULL, NULL, '2012年07月', 16, '胶版纸', '2', 'book_img/22809554-1_w_1.jpg', 'book_img/22809554-1_b_1.jpg', 113, 1);
INSERT INTO `t_book` VALUES ('9787115287960', '30天自制操作系统【附代码光盘 30天从零开始编写图形操作系统】', '川合秀实', 99.00, 78.00, 7.9, '人民邮电出版社', '2012-08-01', 1, NULL, NULL, '2012年08月', 16, '胶版纸', NULL, 'E:\\备份\\images\\22826468-1_w_1.jpg,E:\\备份\\images\\25345462-1_x_14.jpg,E:\\备份\\images\\24013685-1_x_6.jpg,E:\\', 'E:\\备份\\images\\22826468-1_b_0.jpg', 153, 1);
INSERT INTO `t_book` VALUES ('9787115414342', '操作系统真象还原 用诙谐幽默语言讲述的深入理解操作系统原理的精品 轻松自制操作系统 操作系统并不深奥 本书给予全新解读', '郑钢', 108.00, 103.70, 9.6, '人民邮电出版社', '2016-03-01', 1, NULL, NULL, '2016年03月', 16, '胶版纸', NULL, 'E:\\备份\\images\\23922768-1_w_7.jpg', 'E:\\备份\\images\\23922768-1_b_7.jpg', 140, 1);
INSERT INTO `t_book` VALUES ('9787115437334', 'Word Excel PPT 2016办公应用从入门到精通 畅销书升级版 Office入门级宝典 现代商务办公实战技巧精粹从新手到高手 Excel高效办公公式与函数数据处理与分析全掌握 PPT word文档制作教程书籍 附光盘含视频讲解 模板技巧等海量资源', '神龙工作室', 49.00, 24.50, 5.0, '人民邮电出版社', '0000-00-00', 1, NULL, NULL, '2016年10月', 16, '胶版纸', '2', 'book_img/24045162-1_w_11.jpg', 'book_img/24045162-1_b_11.jpg', 109, 1);
INSERT INTO `t_book` VALUES ('9787115447166', 'Word Excel PPT 2016商务办公全能一本通 全彩版 Word/Excel/PPT现代商务办公应用 让你从新手到高手从入门到精通 word文档制作 excel公式与函数高效办公 ppt幻灯片极具说服力 手机扫码随时看教程赠光盘含海量资源', '互联网', 49.80, 24.90, 5.0, '人民邮电出版社', '0000-00-00', 1, NULL, NULL, '2017年08月', 16, '胶版纸', '2', 'book_img/25147150-1_w_3.jpg', 'book_img/25147150-1_b_3.jpg', 111, 1);
INSERT INTO `t_book` VALUES ('9787115451613', 'Word Excel PPT 2016高效办公从新手到高手 全彩印刷的现代商务办公效率手册从新手到高手 知识点附带二维码手机扫码随时学 Office速查宝典+办公实战技巧精粹 早做完 不加班 赠光盘含20小时视频讲解 千套高效办公模板和Office应用技巧', '神龙工作室', 49.80, 24.90, 5.0, '人民邮电出版社', '0000-00-00', 1, NULL, NULL, '2017年06月', 16, '胶版纸', '2', 'book_img/25113289-1_w_6.jpg', 'book_img/25113289-1_b_6.jpg', 116, 1);
INSERT INTO `t_book` VALUES ('9787115454546', '和秋叶一起学Excel 让秋叶PPT带你学办公软件 学表格数据处理与分析 函数和公式的应用大全 Excel高效现代商务办公效率手册教程从新手到高手 超值赠200套官方模板 88期内部技术分享等海量资源 获取方式见本书前言', '秋叶', 99.00, 49.50, 5.0, '人民邮电出版社', '0000-00-00', 1, NULL, NULL, '2017年06月', 16, '胶版纸', '2', 'book_img/25107308-1_w_2.jpg', 'book_img/25107308-1_b_2.jpg', 118, 1);
INSERT INTO `t_book` VALUES ('9787115454775', '和秋叶一起学PPT 第3版：又快又好打造说服力幻灯片(别告诉我你懂ppt，买了不后悔的ppt制作教程！读者5颗星强烈推 让秋叶PPT带你学办公软件 学PowerPoint幻灯片设计思维炼成记 别告诉我你懂PPT 现代商务办公从新手到高手教程?超值赠200套官方模板 88期内部技术分享等海量资源 获取方式见本书前言', '秋叶', 99.00, 78.20, 7.9, '人民邮电出版社', '0000-00-00', 1, NULL, NULL, '2017年06月', 16, '铜版纸', '2', 'book_img/23465230-1_w_11.jpg', 'book_img/23465230-1_b_11.jpg', 106, 1);
INSERT INTO `t_book` VALUES ('9787115474339', 'PPT 2016幻灯片设计与制作从入门到精通 16小时视频讲解，赠928套高效办公模板+1200个Office应用技巧PPT制作教程8小时与本书内容同步的视频 8小时Word/Excel/PPT办公技巧和经典案例视频讲解', '神龙工作室', 49.80, 24.90, 5.0, '人民邮电出版社', '0000-00-00', 1, NULL, NULL, '2018年09月', 16, '胶版纸', '2', 'book_img/25328999-1_w_3.jpg', 'book_img/25328999-1_b_3.jpg', 127, 1);
INSERT INTO `t_book` VALUES ('9787115475251', '一个64位操作系统的设计与实现 基于C语言的自制操作系统教程 基于Intel I7处理器的64位多核操作系统 引入诸多Linux内核的设计精髓 软件工程师参考书', '田宇', 139.00, 109.60, 7.9, '人民邮电出版社', '2018-05-01', 1, NULL, NULL, '2018年05月', 16, '胶版纸', NULL, 'E:\\备份\\images\\25286913-1_w_3.jpg,E:\\备份\\images\\26922557-1_l_8.jpg,E:\\备份\\images\\26436786-1_l_1.jpg,E:\\备', 'E:\\备份\\images\\25286913-1_b_3.jpg', 158, 1);
INSERT INTO `t_book` VALUES ('9787115477026', '操作系统 精髓与设计原理 第8版 全球版 计算机操作系统课程的知名教材 作者是计算机技术专家和作者 曾6次荣获由美国\"教材与大学作者协会\"颁发的\"年度计算机科学与工程教材\"奖', '威廉·斯托林斯', 108.00, 95.00, NULL, '人民邮电出版社', '2019-01-01', 1, NULL, NULL, '2019年01月', 16, '胶版纸', NULL, 'E:\\备份\\images\\26436786-1_w_1.jpg,E:\\备份\\images\\25345462-1_x_14.jpg,E:\\备份\\images\\24013685-1_x_6.jpg,E:\\', 'E:\\备份\\images\\26436786-1_b_1.jpg', 138, 1);
INSERT INTO `t_book` VALUES ('9787115500632', '秋叶Office Word Excel PPT 办公应用从新手到高手 秋叶老师教你学Word Excel PPT Office高效办公一本通 又快又好搞定办公文档 数据分析和PPT演示', '秋叶', 49.80, 34.30, 6.9, '人民邮电出版社', '0000-00-00', 1, NULL, NULL, '2019年01月', 16, '胶版纸', '2', 'book_img/26438798-1_w_1.jpg', 'book_img/26438798-1_b_1.jpg', 125, 1);
INSERT INTO `t_book` VALUES ('9787121226717', '操作系统教程（第4版）', '陆松年', 49.50, 33.50, 6.8, '电子工业出版社', '2014-04-01', 1, NULL, NULL, '2014年04月', 16, '胶版纸', NULL, 'E:\\备份\\images\\23472323-1_w_1.jpg,E:\\备份\\images\\27868651-1_l_3.jpg,E:\\备份\\images\\24046770-1_l_6.jpg,E:\\备', 'E:\\备份\\images\\23472323-1_b_1.jpg', 162, 1);
INSERT INTO `t_book` VALUES ('9787121261213', '操作系统(第4版) 本书是\"十二五\"普通高等教育本科***规划教材,也是国防科技大学国家精品课程和国家优秀教学团队建设成果。', '罗宇', 45.00, 30.20, 6.7, '电子工业出版社', '2015-05-01', 1, NULL, NULL, '2015年05月', 16, '胶版纸', NULL, 'E:\\备份\\images\\23719280-1_w_1.jpg,E:\\备份\\images\\23697183-1_x_1.jpg,E:\\备份\\images\\24019728-1_x_18.jpg,E:\\', 'E:\\备份\\images\\23719280-1_b_1.jpg', 156, 1);
INSERT INTO `t_book` VALUES ('9787121261930', '操作系统设计与实现（第三版）（上册） 本书是操作系统领域的权威教材之一。讲解基于全新的MINIX 3操作系统进行，扩展和重组了关于进程和通信的内容，修订和增加了关于CPU调度、死锁、文件系统可靠性和安全方面的内容，提供了150多道习题。', 'Andrew', 69.00, 57.80, 8.4, '电子工业出版社', '2015-06-01', 1, NULL, NULL, '2015年06月', 16, '胶版纸', NULL, 'E:\\备份\\images\\23727594-1_w_2.jpg,E:\\备份\\images\\23697183-1_x_1.jpg,E:\\备份\\images\\24019728-1_x_18.jpg,E:\\', 'E:\\备份\\images\\23727594-1_b_2.jpg', 148, 1);
INSERT INTO `t_book` VALUES ('9787121280108', '操作系统原理与Linux实践教程', '申丰山', 38.00, 25.60, 6.7, '电子工业出版社', '2016-01-01', 1, NULL, NULL, '2016年01月', 16, '轻型纸', NULL, 'E:\\备份\\images\\23904040-1_w_2.jpg,E:\\备份\\images\\25091608-1_l_3.jpg,E:\\备份\\images\\25173987-1_l_1.jpg,E:\\备', 'E:\\备份\\images\\23904040-1_b_2.jpg', 154, 1);
INSERT INTO `t_book` VALUES ('9787121301964', 'PPT设计思维：教你又好又快搞定幻灯片（全彩） 被388596人收藏的“旁门左道”PPT设计经验 拒绝炫耀技巧，只求又好又快地搞定幻灯片', '邵云蛟', 59.00, 29.50, 5.0, '电子工业出版社', '0000-00-00', 1, NULL, NULL, '2016年10月', 16, '胶版纸', '2', 'book_img/24057549-1_w_14.jpg', 'book_img/24057549-1_b_14.jpg', 130, 1);
INSERT INTO `t_book` VALUES ('9787121309502', '操作系统——精髓与设计原理（第八版）', 'William', 79.80, 59.80, 7.5, '电子工业出版社', '2017-02-01', 1, NULL, NULL, '2017年02月', 16, '胶版纸', NULL, 'E:\\备份\\images\\24195831-1_w_3.jpg,E:\\备份\\images\\23697183-1_x_1.jpg,E:\\备份\\images\\24019728-1_x_18.jpg,E:\\', 'E:\\备份\\images\\24195831-1_b_3.jpg', 141, 1);
INSERT INTO `t_book` VALUES ('9787121317811', '操作系统——精髓与设计原理（第八版）（英文版）', 'William', 98.00, 76.40, 7.8, '电子工业出版社', '2017-06-01', 1, NULL, NULL, '2017年06月', 16, '胶版纸', NULL, 'E:\\备份\\images\\25105523-1_w_3.jpg,E:\\备份\\images\\22632572-1_l_1.jpg,E:\\备份\\images\\20427584-1_l_6.jpg,E:\\备', 'E:\\备份\\images\\25105523-1_b_3.jpg', 147, 1);
INSERT INTO `t_book` VALUES ('9787121340376', '操作系统原理习题解析与上机指导', '黑新宏', 30.00, 23.70, 7.9, '电子工业出版社', '2018-07-01', 1, NULL, NULL, '2018年07月', 16, '胶版纸', NULL, 'E:\\备份\\images\\25311980-1_w_1.jpg,E:\\备份\\images\\23807119-1_l_1.jpg,E:\\备份\\images\\24240470-1_l_2.jpg,E:\\备', 'E:\\备份\\images\\25311980-1_b_1.jpg', 157, 1);
INSERT INTO `t_book` VALUES ('9787121340383', '操作系统原理', '胡元义', 48.00, 37.90, 7.9, '电子工业出版社', '2018-08-01', 1, NULL, NULL, '2018年08月', 16, '胶版纸', NULL, 'E:\\备份\\images\\25311979-1_w_1.jpg,E:\\备份\\images\\25345462-1_x_14.jpg,E:\\备份\\images\\24013685-1_x_6.jpg,E:\\', 'E:\\备份\\images\\25311979-1_b_1.jpg', 163, 1);
INSERT INTO `t_book` VALUES ('9787301290477', 'Excel 2016应用大全 /全国Excel领域奠基之作，Excel Home多位微软全球MVP，全面揭秘Excel技术内幕，《Excel 2013应用大全》全新升级版！', 'Excel', 128.00, 64.00, NULL, '北京大学出版社', '0000-00-00', 1, NULL, NULL, '2018年03月', 16, '胶版纸', '2', 'book_img/25242264-1_w_3.jpg', 'book_img/25242264-1_b_3.jpg', 131, 1);
INSERT INTO `t_book` VALUES ('9787302243601', '操作系统实用教程（第三版）（普通高等院校计算机专业（本科）实用教程系列）', '任爱华', 43.00, 33.30, 7.8, '清华大学出版社', '2010-12-01', 1, NULL, NULL, '2010年12月', 16, '胶版纸', NULL, 'E:\\备份\\images\\21021542-1_w_2.jpg,E:\\备份\\images\\23697183-1_x_1.jpg,E:\\备份\\images\\24019728-1_x_18.jpg,E:\\', 'E:\\备份\\images\\21021542-1_b_2.jpg', 164, 1);
INSERT INTO `t_book` VALUES ('9787302266310', '操作系统（重点大学计算机专业系列教材）', '谌卫军', 25.00, 19.20, 7.7, '清华大学出版社', '2012-05-01', 1, NULL, NULL, '2012年05月', 16, '胶版纸', NULL, 'E:\\备份\\images\\22737273-1_w_1.jpg,E:\\备份\\images\\23995642-1_l_8.jpg,E:\\备份\\images\\26913880-1_l_2.jpg,E:\\备', 'E:\\备份\\images\\22737273-1_b_1.jpg', 146, 1);
INSERT INTO `t_book` VALUES ('9787302322634', '系统集成项目管理工程师备考指南与习题详解（第2版）（全国计算机技术与软件专业技术资格（水平）考试辅导用书）', '全国计算机专业技术资格考试办公室', 55.00, 42.60, 7.8, '清华大学出版社', '0000-00-00', 1, NULL, NULL, '2013年08月', 16, '胶版纸', '2', 'book_img/23342714-1_w_1.jpg', 'book_img/23342714-1_b_1.jpg', 120, 1);
INSERT INTO `t_book` VALUES ('9787302327257', '操作系统原理（21世纪高等学校规划教材·计算机科学与技术）', '韩其睿', 25.00, 20.20, 8.1, '清华大学出版社', '2013-08-01', 1, NULL, NULL, '2013年08月', 16, '胶版纸', NULL, 'E:\\备份\\images\\23334890-1_w_2.jpg,E:\\备份\\images\\25184753-1_l_2.jpg,E:\\备份\\images\\25261058-1_l_3.jpg,E:\\备', 'E:\\备份\\images\\23334890-1_b_0.jpg', 149, 1);
INSERT INTO `t_book` VALUES ('9787302361060', '操作系统基础（第4版）', '屠立德', 34.50, 27.90, 8.1, '清华大学出版社', '2014-08-01', 1, NULL, NULL, '2014年08月', 16, '胶版纸', NULL, 'E:\\备份\\images\\23567000-1_w_1.jpg,E:\\备份\\images\\25164998-1_l_3.jpg,E:\\备份\\images\\23695479-1_l_1.jpg,E:\\备', 'E:\\备份\\images\\23567000-1_b_1.jpg', 161, 1);
INSERT INTO `t_book` VALUES ('9787302466772', '操作系统原理 对学生理解计算机系统结构、进行高级程序开发等方面有着重要的理论指导作用。', '于世东', 32.00, 26.20, 8.2, '清华大学出版社', '2017-06-01', 1, NULL, NULL, '2017年06月', 32, '胶版纸', NULL, 'E:\\备份\\images\\25068396-1_w_2.jpg,E:\\备份\\images\\25112415-1_l_2.jpg,E:\\备份\\images\\23737918-1_l_7.jpg,E:\\备', 'E:\\备份\\images\\25068396-1_b_0.jpg', 166, 1);
INSERT INTO `t_book` VALUES ('9787302485858', '软件设计师2009至2016年试题分析与解答 全国计算机技术与软件专业技术资格（水平）考试是我国著名IT考试品牌，证书含金量高。', '全国计算机专业技术资格考试办公室', 129.00, 106.20, 8.2, '清华大学出版社', '0000-00-00', 1, NULL, NULL, '2017年12月', 16, '胶版纸', '2', 'book_img/25198441-1_w_2.jpg', 'book_img/25198441-1_b_2.jpg', 136, 1);
INSERT INTO `t_book` VALUES ('9787302485872', '网络工程师2009至2016年试题分析与解答 全国计算机技术与软件专业技术资格（水平）考试是我国著名IT考试品牌，证书含金量高。 网络工程师考试是全国计算机技术与软件专业技术资格（水平）考试的中级职称考试。', '全国计算机专业技术资格考试办公室', 99.00, 78.20, 7.9, '清华大学出版社', '0000-00-00', 1, NULL, NULL, '2017年11月', 16, '胶版纸', '2', 'book_img/25191560-1_w_2.jpg', 'book_img/25191560-1_b_2.jpg', 124, 1);
INSERT INTO `t_book` VALUES ('9787302485889', '系统集成项目管理工程师2009至2016年试题分析与解答 全国计算机技术与软件专业技术资格（水平）考试是我国著名IT考试品牌，证书含金量高。 系统集成项目管理工程师考试是全国计算机技术与软件专业技术资格（水平）考试的中级职称考试。', '全国计算机专业技术资格考试办公室', 138.00, 100.70, 7.3, '清华大学出版社', '0000-00-00', 1, NULL, NULL, '2017年11月', 16, '胶版纸', '2', 'book_img/25193985-1_w_3.jpg', 'book_img/25193985-1_b_3.jpg', 123, 1);
INSERT INTO `t_book` VALUES ('9787302485896', '信息系统项目管理师2009至2016年试题分析与解答 全国计算机技术与软件专业技术资格（水平）考试是我国著名IT考试品牌，证书含金量高。', '全国计算机专业技术资格考试办公室', 129.00, 107.00, 8.3, '清华大学出版社', '0000-00-00', 1, NULL, NULL, '2017年12月', 16, '胶版纸', '2', 'book_img/25198442-1_w_3.jpg', 'book_img/25198442-1_b_3.jpg', 122, 1);
INSERT INTO `t_book` VALUES ('9787302503590', '操作系统原理及Linux内核分析(第2版） 采用“实例引导，任务驱动”的编写方式，增加实例分析，使读者掌握操作系统实例解析题的解析方法，激发读者的学习兴趣', '李芳', 59.00, 50.10, 8.5, '清华大学出版社', '2018-08-23', 1, NULL, NULL, '2018年08月', 16, '胶版纸', NULL, 'E:\\备份\\images\\25334357-1_w_2.jpg,E:\\备份\\images\\23697183-1_x_1.jpg,E:\\备份\\images\\24019728-1_x_18.jpg,E:\\', 'E:\\备份\\images\\25334357-1_b_2.jpg', 159, 1);
INSERT INTO `t_book` VALUES ('9787504585363', '电工基础（学生指导用书）', '人力资源和社会保障部教材办公室', 21.00, 16.60, 7.9, '中国劳动社会保障出版社', '0000-00-00', 1, NULL, NULL, '2010年08月', 16, '胶版纸', '2', 'book_img/20937391-1_w_2.jpg', 'book_img/20937391-1_b_2.jpg', 128, 1);
INSERT INTO `t_book` VALUES ('9787504586032', '焊工工艺与技能学生用书II 基础知识', '人力资源部和社会保障办公室组织', 29.00, 22.90, 7.9, '中国劳动社会保障出版社', '0000-00-00', 1, NULL, NULL, '2010年09月', 16, '胶版纸', '2', 'book_img/20952745-1_w_2.jpg', 'book_img/20952745-1_b_0.jpg', 133, 1);
INSERT INTO `t_book` VALUES ('9787504586087', '焊工工艺与技能学生用书1 学习任务', '人力资源和社会保障部教材办公室组织', 14.00, 11.10, 7.9, '中国劳动社会保障出版社', '0000-00-00', 1, NULL, NULL, '2010年08月', 16, '胶版纸', '2', 'book_img/20937389-1_w_2.jpg', 'book_img/20937389-1_b_2.jpg', 137, 1);
INSERT INTO `t_book` VALUES ('9787504587671', '电工基础（教师用书）', '人力资源和社会保障部教材办公室组织', 29.00, 22.90, 7.9, '中国劳动社会保障出版社', '0000-00-00', 1, NULL, NULL, '2011年01月', 16, '铜版纸', '2', 'book_img/21048472-1_w_2.jpg', 'book_img/21048472-1_b_2.jpg', 117, 1);
INSERT INTO `t_book` VALUES ('9787504986955', '银行从业资格考试教材2018教材适用 2017年版银行业专业人员考试用书 银行管理 中级 2017 银行业专业人员职业资格考试辅导教材', '银行业专业人员职业资格考试办公室', 68.00, 54.40, 8.0, '中国金融出版社', '0000-00-00', 1, NULL, NULL, '2017年04月', 16, '胶版纸', '2', 'book_img/24221685-1_w_3.jpg', 'book_img/24221685-1_b_3.jpg', 105, 1);
INSERT INTO `t_book` VALUES ('9787505875654', '新编剑桥商务英语（初级）学生用书（第三版）（含光盘）', '库可', 49.00, 21.80, 4.5, '经济科学出版社', '0000-00-00', 1, NULL, NULL, '2009年09月', 16, '胶版纸', '2', 'book_img/20676814-1_w_2.jpg', 'book_img/20676814-1_b_2.jpg', 112, 1);
INSERT INTO `t_book` VALUES ('9787505875661', '新编剑桥商务英语（中级）学生用书（第三版）（附光盘）', '休斯', 49.00, 21.80, 4.5, '经济科学出版社', '0000-00-00', 1, NULL, NULL, '2009年09月', 16, '胶版纸', '2', 'book_img/20676815-1_w_2.jpg', 'book_img/20676815-1_b_0.jpg', 108, 1);
INSERT INTO `t_book` VALUES ('9787505875678', '新编剑桥商务英语（高级）学生用书（第三版）（附光盘）', '达姆特', 49.00, 21.80, 4.5, '经济科学出版社', '0000-00-00', 1, NULL, NULL, '2009年09月', 16, '胶版纸', '2', 'book_img/20676816-1_w_2.jpg', 'book_img/20676816-1_b_0.jpg', 114, 1);
INSERT INTO `t_book` VALUES ('9787509380987', '中华人民共和国常用法律法规全书（第二版）（精装大字本） 国家工作人员学法用法推荐用书，紧跟《关于完善国家工作人员学法用法制度的意见》，国务院法制办公室权威编撰，精装大字版本，附加条旨，新增重要党内法规！学习藏书佳品！', '国务院法制办公室', 268.00, 211.70, 7.9, '中国法制出版社', '0000-00-00', 1, NULL, NULL, '2017年02月', 16, '胶版纸', '2', 'book_img/24179450-1_w_1.jpg', 'book_img/24179450-1_b_1.jpg', 134, 1);
INSERT INTO `t_book` VALUES ('9787509910917', '改革先锋风采录 庆祝改革开放40周年新闻联播推荐学习用书、向先锋榜样致敬、团购电话：010-57993380', '中央庆祝改革开放40周年表彰工作领导小组办公室', 50.00, 39.40, 7.9, '党建读物出版社', '0000-00-00', 1, NULL, NULL, '2019年01月', 32, '胶版纸', '2', 'book_img/26439053-1_w_2.jpg', 'book_img/26439053-1_b_2.jpg', 115, 1);
INSERT INTO `t_book` VALUES ('9787513040082', '操作系统实训教程与习题解答 本书为高等院校计算机专业教材。', '黄珍生', 38.00, 30.00, 7.9, '知识产权出版社', '2016-07-07', 1, NULL, NULL, '2016年07月', 16, '胶版纸', NULL, 'E:\\备份\\images\\24049485-1_w_5.jpg,E:\\备份\\images\\23946815-1_l_3.jpg,E:\\备份\\images\\26439096-1_l_3.jpg,E:\\备', 'E:\\备份\\images\\24049485-1_b_5.jpg', 160, 1);
INSERT INTO `t_book` VALUES ('9787514189629', '新编剑桥商务英语学生用书（中级）（第三版修订版） 扫描出版说明中二维码可在线收听听力资料', '休斯', 49.00, 38.60, 7.9, '经济科学出版社', '0000-00-00', 1, NULL, NULL, '2018年04月', 16, '胶版纸', '2', 'book_img/25316705-1_w_3.jpg', 'book_img/25316705-1_b_3.jpg', 132, 1);
INSERT INTO `t_book` VALUES ('9787514189933', '新编剑桥商务英语教师用书（初级）（第三版修订版） 扫描出版说明中二维码可在线收听听力资料', '休斯', 59.00, 46.50, 7.9, '经济科学出版社', '0000-00-00', 1, NULL, NULL, '2018年04月', 16, '胶版纸', '2', 'book_img/25316713-1_w_2.jpg', 'book_img/25316713-1_b_2.jpg', 135, 1);
INSERT INTO `t_book` VALUES ('9787514189940', '新编剑桥商务英语教师用书（中级）（第三版修订版） 扫描出版说明中二维码可在线收听听力资料', '休斯', 59.00, 46.50, 7.9, '经济科学出版社', '0000-00-00', 1, NULL, NULL, '2018年04月', 16, '胶版纸', '2', 'book_img/25316711-1_w_3.jpg', 'book_img/25316711-1_b_3.jpg', 126, 1);
INSERT INTO `t_book` VALUES ('9787517058571', 'Word Excel PPT office高效办公 全彩印视频讲解 赠快捷键表+技能手册 配套同步视频教学，全彩印赠实物快捷键表和技能手册（随书）18个Word案例18个Excel案例6个PPT案例全面讲解商务办公实战技能案例教学：案例说明+思维导图+步骤解析+点拨答疑+过关练习+高手秘笈', '教育研究工作室', 59.80, 39.90, 6.7, '水利水电出版社', '0000-00-00', 1, NULL, NULL, '2017年09月', 16, '胶版纸', '2', 'book_img/25171496-1_w_11.jpg', 'book_img/25171496-1_b_11.jpg', 110, 1);
INSERT INTO `t_book` VALUES ('9787517068112', 'WPS Office办公应用从入门到精通 WPS官方推荐 手机扫码看9小时同步视频 WPS官方作序推荐用书，提供2016、2019、MAC版官方软件下载 42个职场Word、Excel、PPT实用案例拿来即用，随书赠2本实物 电脑入门技能手册+快捷键速查手册', '新时代教育', 69.80, 48.10, 6.9, '水利水电出版社', '0000-00-00', 1, NULL, NULL, '2019年01月', 16, '胶版纸', '2', 'book_img/25858636-1_w_2.jpg', 'book_img/25858636-1_b_2.jpg', 107, 1);
INSERT INTO `t_book` VALUES ('9787517075271', 'Word+Excel+PPT+PS+移动办公完全自学视频教程5合1 手机扫码看同步视频讲解+1000个商务办公模板+2380个PS设计样式资源库+电脑入门基础/故障排查电子书+随身查手册，案例与视频结合，从此办公不愁！', 'IT教育研究工作室', 89.80, 44.90, 5.0, '水利水电出版社', '0000-00-00', 1, NULL, NULL, '2019年05月', 16, '胶版纸', '2', 'book_img/27852135-1_w_2.jpg', 'book_img/27852135-1_b_2.jpg', 119, 1);
INSERT INTO `t_book` VALUES ('9787518044504', 'Word Excel PPT现代商务办公从新手到高手一本通 全彩升级版 Word/Excel/PPT现代商务办公应用 让你从新手到高手从入门到精通 word文档制作 excel公式与函数高效办公 ppt幻灯片极具说服力 手机扫码随时看教程', '清风工作室', 59.80, 29.90, 5.0, '中国纺织出版社', '0000-00-00', 1, NULL, NULL, '2019年01月', 16, '轻型纸', '2', 'book_img/25276341-1_w_3.jpg', 'book_img/25276341-1_b_3.jpg', 104, 1);
INSERT INTO `t_book` VALUES ('9787521803785', '中级会计职称教材2019 2019年中级会计职称考试用书教材大纲', '全国会计专业技术资格考试领导小组办公室', 36.00, 30.60, 8.5, '经济科学出版社', '0000-00-00', 1, NULL, NULL, '2019年04月', 16, '胶版纸', '2', 'book_img/26488769-1_w_5.jpg', 'book_img/26488769-1_b_5.jpg', 102, 1);
INSERT INTO `t_book` VALUES ('9787560633503', '计算机操作系统（第四版）（汤小丹）', '汤小丹', 53.00, 39.70, 7.5, '西安电子科技大学出版社', '2014-05-06', 1, NULL, NULL, '2014年05月', 16, '胶版纸', NULL, 'E:\\备份\\images\\25301228-1_w_2.jpg,E:\\备份\\images\\23697183-1_x_1.jpg,E:\\备份\\images\\24019728-1_x_18.jpg,E:\\', 'E:\\备份\\images\\25301228-1_b_2.jpg', 145, 1);
INSERT INTO `t_book` VALUES ('9787561158852', '(新世纪应用型高等教育)操作系统(计算机类课程规划教材)', '李红卫', 32.00, 25.60, 8.0, '大连理工大学出版社', '2010-11-01', 1, NULL, NULL, '2010年11月', 16, '胶版纸', NULL, 'E:\\备份\\images\\21064163-1_w_2.jpg,E:\\备份\\images\\24019481-1_l_7.jpg,E:\\备份\\images\\25248311-1_l_3.jpg,E:\\备', 'E:\\备份\\images\\21064163-1_b_2.jpg', 167, 1);
INSERT INTO `t_book` VALUES ('9787563553181', '操作系统BIOS设计', '杨立平', 48.00, 37.90, 7.9, '北京邮电大学出版社有限公司', '2018-02-28', 1, NULL, NULL, '2018年02月', 16, '胶版纸', NULL, 'E:\\备份\\images\\25219724-1_w_3.jpg,E:\\备份\\images\\25345462-1_x_14.jpg,E:\\备份\\images\\24013685-1_x_6.jpg,E:\\', 'E:\\备份\\images\\25219724-1_b_3.jpg', 155, 1);
INSERT INTO `t_book` VALUES ('9787566011503', '操作系统原理及应用（第二版）', '孙媛', 58.00, 40.00, 6.9, '中央民族大学出版社', '2016-11-01', 1, NULL, NULL, '2016年11月', 16, '胶版纸', NULL, 'E:\\备份\\images\\25579545-1_w_1.jpg,E:\\备份\\images\\25345462-1_x_14.jpg,E:\\备份\\images\\24013685-1_x_6.jpg,E:\\', 'E:\\备份\\images\\25579545-1_b_1.jpg', 165, 1);
INSERT INTO `t_book` VALUES ('9923901FBF124623BC707920D8936BC8', 'JavaScript DOM编程艺术(第2版)', '基思', 49.00, 33.80, 6.9, '人民邮电出版社', '2011-04-01', 1, 286, 443000, '2011-4-1', 16, '胶版纸', '1', 'book_img/21049601-1_w_1.jpg', 'book_img/21049601-1_b.jpg', 28, 1);
INSERT INTO `t_book` VALUES ('99BF63AC12AD48FCB673F1820888964E', 'Java Web开发实战1200例（第Ⅱ卷）（史上最全的“编程实例”类图书，代码分析、实例速查、练习巩固的绝好帮手）', '无', 99.00, 67.40, 6.8, '清华大学出版社', '0000-00-00', 0, 0, 1746000, '2011-6-1', 16, '胶版纸', '1', 'book_img/21110929-1_w_1.jpg', 'book_img/21110929-1_b.jpg', 78, 1);
INSERT INTO `t_book` VALUES ('9D257176A6934CB79427CEC37E69249F', '疯狂Ajax讲义（第3版）--jQuery/Ext JS/Prototype/DWR企业应用前端开发实战(含CD光盘1张)（畅销书升级版，企业应用前端开发实战指南）', '李刚', 79.00, 54.50, 6.9, '电子工业出版社', '2013-02-01', 1, 624, 997000, '2013-2-1', 16, '胶版纸', '1', 'book_img/23184673-1_w.jpg', 'book_img/23184673-1_b.jpg', 53, 1);
INSERT INTO `t_book` VALUES ('9FBD51A7C02D4F5B9862CD2EBBF5CA04', 'Flash ActionScript 3.0全站互动设计', '刘欢 ', 69.80, 48.20, 6.9, '人民邮电出版社', '2012-10-01', 1, 488, 760000, '2012-10-1', 16, '胶版纸', '1', 'book_img/22886581-1_w.jpg', 'book_img/22886581-1_b.jpg', 96, 1);
INSERT INTO `t_book` VALUES ('9FF423101836438F874035A48498CF45', 'Java编程思想（英文版·第4版）', '埃克尔 ', 79.00, 54.50, 6.9, '机械工业出版社', '2007-04-01', 1, 1482, 0, '2007-4-1', 16, '胶版纸', '1', 'book_img/9288920-1_w.jpg', 'book_img/9288920-1_b.jpg', 31, 1);
INSERT INTO `t_book` VALUES ('A3D464D1D1344ED5983920B472826730', 'Java Web开发详解：XML+DTD+XML Schema+XSLT+Servlet 3 0+JSP 2 2深入剖析与实例应用(含CD光盘1张)', '孙鑫', 119.00, 61.30, 5.2, '电子工业出版社', '2012-05-01', 1, 889, 1760000, '2012-5-1', 16, '胶版纸', '1', 'book_img/22788412-1_w.jpg', 'book_img/22788412-1_b.jpg', 60, 1);
INSERT INTO `t_book` VALUES ('A46A0F48A4F649AE9008B38EA48FAEBA', 'Java编程全能词典(含DVD光盘2张)', '明日科技', 98.00, 65.70, 6.7, '电子工业出版社', '2010-03-01', 1, 486, 496000, '2010-3-1', 32, '胶版纸', '1', 'book_img/20813806-1_w_1.jpg', 'book_img/20813806-1_b.jpg', 90, 1);
INSERT INTO `t_book` VALUES ('A5A6F27DCD174614850B26633A0B4605', 'JavaScript模式', '斯特凡洛夫', 38.00, 22.80, 6.0, '中国电力出版社', '2012-07-01', 1, 208, 253000, '2012-7-1', 16, '胶版纸', '1', 'book_img/22819430-1_w.jpg', 'book_img/22819430-1_b.jpg', 61, 1);
INSERT INTO `t_book` VALUES ('A7220EF174704012830E066FDFAAD4AD', 'Spring 3.0就这么简单（国内原创的Java敏捷开发图书，展现作者Spring原创开源项目ROP开发的全过程，所有项目工程均以Maven组织）', '陈雄华', 59.00, 40.70, 6.9, '人民邮电出版社', '2013-01-01', 1, 380, 530000, '2013-1-1', 16, '胶版纸', '1', 'book_img/22938474-1_w.jpg', 'book_img/22938474-1_b.jpg', 77, 1);
INSERT INTO `t_book` VALUES ('A7EFD99367C9434682A790635D3C5FDF', 'Java Web技术整合应用与项目实战（JSP+Servlet+Struts2+Hibernate+Spring3）', '张志锋', 98.00, 67.60, 6.9, '清华大学出版社', '2013-06-01', 1, 878, 0, '2013-6-1', 16, '胶版纸', '1', 'book_img/23266270-1_w.jpg', 'book_img/23266270-1_b.jpg', 92, 1);
INSERT INTO `t_book` VALUES ('A8EF76FD21A645109538614DEA85F3F7', 'Java语言程序设计：基础篇（原书第8版）', '梁勇', 75.00, 51.80, 6.9, '机械工业出版社', '2011-06-01', 1, 586, 0, '2011-6-1', 16, '胶版纸', '1', 'book_img/21122188-1_w_1.jpg', 'book_img/21122188-1_b.jpg', 30, 1);
INSERT INTO `t_book` VALUES ('AD6EA79CCB8240AAAF5B292AD7E5DCAA', 'jQuery Mobile权威指南（根据jQuery Mobile最新版本撰写的权威参考书！全面讲解jQuery Mobile的所有功能、特性、使用方法和开发技巧）', '陶国荣', 59.00, 40.70, 6.9, '机械工业出版社', '2012-08-01', 1, 249, 0, '2012-8-1', 16, '胶版纸', '1', 'book_img/22847009-1_w.jpg', 'book_img/22847009-1_b.jpg', 38, 1);
INSERT INTO `t_book` VALUES ('AE0935F13A214436B8599DE285A86220', 'JavaScript基础教程(第8版)(经典JavaScript入门书 涵盖Ajax和jQuery)', 'Tom Negrino　Dori Smith', 69.00, 47.60, 6.9, '人民邮电出版社', '2012-04-01', 1, 392, 694000, '2012-4-1', 16, '胶版纸', '1', 'book_img/22717349-1_w.jpg', 'book_img/22717349-1_b.jpg', 37, 1);
INSERT INTO `t_book` VALUES ('AF28ED8F692C4288B32CF411CBDBFC23', '经典Java EE企业应用实战——基于WebLogic/JBoss的JSF+EJB 3+JPA整合开发(含CD光盘1张)', '无', 79.00, 54.50, 6.9, '电子工业出版社', '2010-08-01', 1, 0, 0, '2010-8-1', 16, '胶版纸', '1', 'book_img/20928547-1_w_1.jpg', 'book_img/20928547-1_b.jpg', 55, 1);
INSERT INTO `t_book` VALUES ('B329A14DDEF8455F82B3FDF25821D2BB', '名师讲坛——Java Web开发实战经典基础篇（JSP、Servlet、Struts、Ajax）（32小时全真课堂培训，视频超级给力！390项实例及分析，北京魔乐科技培训中心Java Web全部精华）', '李兴华', 69.80, 48.20, 6.9, '清华大学出版社', '2010-08-01', 1, 554, 819000, '2010-8-1', 16, '胶版纸', '1', 'book_img/20915948-1_w_3.jpg', 'book_img/20915948-1_b.jpg', 22, 1);
INSERT INTO `t_book` VALUES ('B7A7DA7A94E54054841EED1F70C3027C', '锋利的jQuery(第2版)(畅销书升级版，增加jQuery Mobile和性能优化)', '单东林', 49.00, 33.80, 6.9, '人民邮电出版社', '2012-07-01', 2, 380, 598000, '2012-7-1', 16, '胶版纸', '1', 'book_img/22786088-1_w.jpg', 'book_img/22786088-1_b.jpg', 10, 1);
INSERT INTO `t_book` VALUES ('BD1CB005E4A04DCA881DA8689E21D4D0', 'jQuery UI开发指南', 'Eric Sarrion', 39.00, 26.90, 6.9, '人民邮电出版社', '2012-12-01', 1, 212, 286000, '2012-12-1', 16, '胶版纸', '1', 'book_img/22910975-1_w.jpg', 'book_img/22910975-1_b.jpg', 63, 1);
INSERT INTO `t_book` VALUES ('C23E6E8A6DB94E27B6E2ABD39DC21AF5', 'JavaScript:The Good Parts(影印版）', '克罗克福特', 28.00, 19.30, 6.9, '东南大学出版社', '2009-01-01', 1, 153, 181000, '2009-1-1', 16, '胶版纸', '1', 'book_img/20412979-1_w.jpg', 'book_img/20412979-1_b.jpg', 95, 1);
INSERT INTO `t_book` VALUES ('C3CF52B3ED2D4187A16754551488D733', 'Java从入门到精通（附光盘）', '魔乐科技', 59.00, 35.40, 6.0, '人民邮电出版社', '2010-04-01', 1, 519, 884000, '2010-4-1', 16, '胶版纸', '1', 'book_img/20810282-1_w_1.jpg', 'book_img/20810282-1_b.jpg', 29, 1);
INSERT INTO `t_book` VALUES ('C86D3F6FACB449BEBD940D9307ED4A47', '编写高质量代码：改善Java程序的151个建议(从语法、程序设计和架构、工具和框架、编码风格、编程思想5个方面探讨编写高质量Java代码的技巧、禁忌和最佳实践)', '秦小波', 59.00, 40.70, 6.9, '机械工业出版社', '2012-01-01', 1, 303, 0, '2012-1-1', 16, '胶版纸', '1', 'book_img/22579686-1_w.jpg', 'book_img/22579686-1_b.jpg', 84, 1);
INSERT INTO `t_book` VALUES ('CB0AB3654945411EA69F368D0EA91A00', 'JavaScript语言精粹（修订版）', '道格拉斯·克罗克福德', 49.00, 39.20, 8.0, '电子工业出版社', '2012-09-01', 1, 155, 258000, '2012-9-1', 16, '胶版纸', '1', 'book_img/22872884-1_w.jpg', 'book_img/22872884-1_b.jpg', 33, 1);
INSERT INTO `t_book` VALUES ('CB1F26DA8E554A2B9B15BA7A7BCEBEC1', 'sdfa45', 'Craig Walls', 59.00, 40.70, 6.9, '人民邮电出版社', '2013-6-1', 1, 374, 48700, '2013-6-1', 16, '胶版纸', 'F5C091B3967442A2B35EFEFC4EF8746F', 'book_img/0FC6D8DD10E349BE94A266A6CCA2230C_9062293-1_w.jpg', 'book_img/8693927054504014A4838F664D13419B_9062293-1_b.jpg', 174, 1);
INSERT INTO `t_book` VALUES ('CD913617EE964D0DBAF20C60076D32FB', '名师讲坛——Java开发实战经典（配光盘）（60小时全真课堂培训，视频超级给力！790项实例及分析，北京魔乐科技培训中心Java全部精华）', '李兴华', 79.80, 55.10, 6.9, '清华大学出版社', '2009-08-01', 1, 831, 1222000, '2012-8-1', 16, '胶版纸', '1', 'book_img/20637368-1_w_2.jpg', 'book_img/20637368-1_b_2.jpg', 19, 1);
INSERT INTO `t_book` VALUES ('CE01F15D435A4C51B0AD8202A318DCA7', 'Java编程思想（第4版）', '布鲁斯.艾克尔', 108.00, 74.50, 6.9, '机械工业出版社', '2007-06-01', 1, 880, 0, '2007-6-1', 0, '胶版纸', '1', 'book_img/9317290-1_w.jpg', 'book_img/9317290-1_b.jpg', 2, 1);
INSERT INTO `t_book` VALUES ('CF5546769F2842DABB2EF7A00D51F255', 'jQuery开发从入门到精通（配套视频327节，中小实例232个，实战案例7个商品详情手册11部，网页模版83类）（附1DVD）', '袁江', 79.80, 55.10, 6.9, '清华大学出版社', '2013-06-01', 1, 619, 1109000, '2013-6-1', 16, '胶版纸', '1', 'book_img/23263012-1_w.jpg', 'book_img/23263012-1_b.jpg', 43, 1);
INSERT INTO `t_book` VALUES ('D0DA36CEE42549FFB299B7C7129761D5', 'Java应用架构设计：模块化模式与OSGi(全球资深Java技术专家的力作，系统、全面地讲解如何将模块化设计思想引入开发中，涵盖18个有助于实现模块化软件架构的模式)', '克内恩席尔德', 69.00, 47.60, 6.9, '机械工业出版社', '2013-09-01', 1, 251, 0, '2013-9-1', 16, '胶版纸', '1', 'book_img/23339643-1_w.jpg', 'book_img/23339643-1_b.jpg', 26, 1);
INSERT INTO `t_book` VALUES ('D0E69F85ACAB4C15BB40966E5AA545F1', 'Java并发编程实战（第16届Jolt大奖提名图书，Java并发编程必读佳作', 'Brian Goetz', 69.00, 47.60, 6.9, '机械工业出版社', '2012-02-01', 1, 290, 0, '2012-2-1', 32, '胶版纸', '1', 'book_img/22606835-1_w.jpg', 'book_img/22606835-1_b.jpg', 15, 1);
INSERT INTO `t_book` VALUES ('D2ABA8B06C524632846F27C34568F3CE', 'Java 经典实例', '达尔文', 98.00, 67.60, 6.9, '中国电力出版社', '2009-02-01', 1, 784, 805000, '2009-2-1', 16, '胶版纸', '1', 'book_img/20500255-1_w.jpg', 'book_img/20500255-1_b.jpg', 62, 1);
INSERT INTO `t_book` VALUES ('D8723405BA054C13B52357B8F6AEEC24', '深入理解Java虚拟机：JVM高级特性与最佳实践（第2版）', '周志明', 79.00, 54.50, 6.9, '机械工业出版社', '2013-06-01', 2, 433, 0, '2013-6-1', 16, '胶版纸', '1', 'book_img/23259731-1_w.jpg', 'book_img/23259731-1_b.jpg', 14, 1);
INSERT INTO `t_book` VALUES ('DC36FD53A1514312A0A9ADD53A583886', 'JavaScript异步编程：设计快速响应的网络应用【掌握JavaScript异步编程必杀技，让代码更具响应度！ 】', 'Trevor Burnham ', 32.00, 22.10, 6.9, '人民邮电出版社', '2013-06-01', 1, 118, 98000, '2013-5-23', 32, '胶版纸', '1', 'book_img/23252196-1_w.jpg', 'book_img/23252196-1_b.jpg', 72, 1);
INSERT INTO `t_book` VALUES ('DCB64DF0084E486EBF173F729A3A630A', 'Java设计模式(第2版)', 'Steven John Metsker', 75.00, 51.80, 6.9, '电子工业出版社', '2012-09-01', 1, 0, 0, '2012-9-1', 16, '胶版纸', '1', 'book_img/22868759-1_w.jpg', 'book_img/22868759-1_b.jpg', 76, 1);
INSERT INTO `t_book` VALUES ('DEE7BDC7E0E343149E3C3601D2658171', '疯狂HTML 5/CSS 3/JavaScript讲义(含CD光盘1张)', '李刚', 69.00, 47.60, 6.9, '电子工业出版社', '2012-05-01', 1, 500, 819000, '2012-5-1', 16, '胶版纸', '1', 'book_img/22783904-1_w.jpg', 'book_img/22783904-1_b.jpg', 21, 1);
INSERT INTO `t_book` VALUES ('DF4E74EEE89B43229BB8212F0B858C38', '精通Hibernate：Java对象持久化技术详解（第2版）(含光盘1张)', '孙卫琴', 75.00, 51.80, 6.9, '电子工业出版社', '2010-02-01', 1, 695, 1148800, '2010-2-1', 16, '胶版纸', '1', 'book_img/20773347-1_w_1.jpg', 'book_img/20773347-1_b.jpg', 39, 1);
INSERT INTO `t_book` VALUES ('E4F184188C8B4C7BB32D4E76603426AC', '疯狂Java讲义（第2版，附光盘）', '李刚', 109.00, 75.20, 6.9, '电子工业出版社', '2012-01-01', 1, 844, 1747000, '2012-1-1', 16, '胶版纸', '1', 'book_img/22588603-1_w.jpg', 'book_img/22588603-1_b.jpg', 7, 1);
INSERT INTO `t_book` VALUES ('EA695342393C4BE48B831FA5E6B0E5C4', '编写可维护的JavaScript《JavaScript高级程序设计》作者Nicholas Zakas最新力作，构建编码风格手册，帮助开发团队从“游击队”走向“正规军”）', 'Nicholas C. Zakas', 55.00, 38.00, 6.9, '人民邮电出版社', '2013-04-01', 1, 227, 400000, '2013-4-1', 16, '胶版纸', '1', 'book_img/23200995-1_w.jpg', 'book_img/23200995-1_b.jpg', 59, 1);
INSERT INTO `t_book` VALUES ('F0E34313BF304CCEBF198BD4E05307B8', 'jQuery Cookbook中文版（jQuery之父鼎力推荐，社区数十位专家倾情力作', 'jQuery社区专家组', 69.00, 47.60, 6.9, '人民邮电出版社', '2013-05-01', 1, 425, 573000, '2013-5-1', 16, '胶版纸', '1', 'book_img/23219358-1_w.jpg', 'book_img/23219358-1_b.jpg', 87, 1);
INSERT INTO `t_book` VALUES ('F6162799E913423EA5CB57BEC65AB1E9', 'JUnit实战(第2版)', '塔凯文', 79.00, 54.50, 6.9, '人民邮电出版社', '2012-04-01', 1, 442, 640000, '2012-4-1', 16, '胶版纸', '1', 'book_img/22633574-1_w.jpg', 'book_img/22633574-1_b.jpg', 80, 1);
INSERT INTO `t_book` VALUES ('F693239BC3B3444C8538ABE7411BB38E', 'Java Web典型模块与项目实战大全（配光盘）', '常建功', 99.50, 68.70, 6.9, '清华大学出版社', '2011-01-01', 1, 922, 1473000, '2011-1-1', 16, '胶版纸', '1', 'book_img/20988080-1_w_1.jpg', 'book_img/20988080-1_b.jpg', 41, 1);
INSERT INTO `t_book` VALUES ('F78C94641DB4475BBA1E72A07DF9B3AE', 'JAVA面向对象编程', '孙卫琴 ', 65.80, 45.40, 6.9, '电子工业出版社', '2006-07-01', 1, 625, 1030400, '2006-7-1', 16, '胶版纸', '1', 'book_img/9186890-1_w.jpg', 'book_img/9186890-1_b.jpg', 69, 1);
INSERT INTO `t_book` VALUES ('FC232CD9B6E6411BBBB1A5B781D2C3C9', 'Java与模式(含盘)（超多实例和习题，详解设计原则与设计模式）', '阎宏', 88.00, 60.70, 6.9, '电子工业出版社', '2002-10-01', 1, 1024, 16704000, '2002-10-1', 16, '胶版纸', '1', 'book_img/696673-1_w.jpg', 'book_img/696673-1_b.jpg', 67, 1);
INSERT INTO `t_book` VALUES ('FEC3740CF30E442A94021911A25EF0D7', 'Spring攻略(第2版)(Spring攻略(第2版))', 'Gary Mak　Josh Long　Daniel Rubio', 128.00, 88.30, 6.9, '人民邮电出版社', '2012-03-01', 1, 938, 1322000, '2012-3-1', 16, '胶版纸', '1', 'book_img/22623020-1_w.jpg', 'book_img/22623020-1_b.jpg', 82, 1);
INSERT INTO `t_book` VALUES ('FFABBED1E5254BC0B2726EC4ED8ACCDA', '深入理解OSGi：Equinox原理、应用与最佳实践（《深入理解Java虚拟机》作者新作！全面解读最新OSGi R5.0规范，深入讲解OSGi原理和服务，以及Equinox框架的用法和原理）', '周志明', 79.00, 54.50, 6.9, '机械工业出版社', '2013-02-01', 1, 414, 0, '2013-2-1', 16, '胶版纸', '1', 'book_img/23179003-1_w.jpg', 'book_img/23179003-1_b.jpg', 47, 1);

-- ----------------------------
-- Table structure for t_cartitem
-- ----------------------------
DROP TABLE IF EXISTS `t_cartitem`;
CREATE TABLE `t_cartitem`  (
  `cartItemId` char(32) CHARACTER SET utf8 COLLATE utf8_general_ci NOT NULL,
  `quantity` int(11) DEFAULT NULL,
  `bid` char(32) CHARACTER SET utf8 COLLATE utf8_general_ci DEFAULT NULL,
  `uid` char(32) CHARACTER SET utf8 COLLATE utf8_general_ci DEFAULT NULL,
  `orderBy` int(11) NOT NULL AUTO_INCREMENT,
  PRIMARY KEY (`cartItemId`) USING BTREE,
  INDEX `orderBy`(`orderBy`) USING BTREE,
  INDEX `FK_t_cartitem_t_user`(`uid`) USING BTREE,
  INDEX `FK_t_cartitem_t_book`(`bid`) USING BTREE,
  CONSTRAINT `FK_t_cartitem_t_book` FOREIGN KEY (`bid`) REFERENCES `t_book` (`bid`) ON DELETE RESTRICT ON UPDATE RESTRICT,
  CONSTRAINT `FK_t_cartitem_t_user` FOREIGN KEY (`uid`) REFERENCES `t_user` (`uid`) ON DELETE RESTRICT ON UPDATE RESTRICT
) ENGINE = InnoDB AUTO_INCREMENT = 31 CHARACTER SET = utf8 COLLATE = utf8_general_ci ROW_FORMAT = Compact;

-- ----------------------------
-- Records of t_cartitem
-- ----------------------------
INSERT INTO `t_cartitem` VALUES ('03B51B2AF1204F058E33B0F8CCF0DD01', 1, '7917F5B19A0948FD9551932909328E4E', '37BF0A7B46804D2AA34E92D8318C1435', 29);
INSERT INTO `t_cartitem` VALUES ('F9BB6177649F466AB2CE4EF4150B9C24', 1, '676B56A612AF4E968CF0F6FFE289269D', '37BF0A7B46804D2AA34E92D8318C1435', 30);

-- ----------------------------
-- Table structure for t_category
-- ----------------------------
DROP TABLE IF EXISTS `t_category`;
CREATE TABLE `t_category`  (
  `cid` char(32) CHARACTER SET utf8 COLLATE utf8_general_ci NOT NULL,
  `cname` varchar(50) CHARACTER SET utf8 COLLATE utf8_general_ci DEFAULT NULL,
  `pid` char(32) CHARACTER SET utf8 COLLATE utf8_general_ci DEFAULT NULL,
  `desc` varchar(100) CHARACTER SET utf8 COLLATE utf8_general_ci DEFAULT NULL,
  `orderBy` int(11) NOT NULL AUTO_INCREMENT,
  PRIMARY KEY (`cid`) USING BTREE,
  UNIQUE INDEX `cname`(`cname`) USING BTREE,
  INDEX `FK_t_category_t_category`(`pid`) USING BTREE,
  INDEX `orderBy`(`orderBy`) USING BTREE,
  CONSTRAINT `FK_t_category_t_category` FOREIGN KEY (`pid`) REFERENCES `t_category` (`cid`) ON DELETE RESTRICT ON UPDATE RESTRICT
) ENGINE = InnoDB AUTO_INCREMENT = 41 CHARACTER SET = utf8 COLLATE = utf8_general_ci ROW_FORMAT = Compact;

-- ----------------------------
-- Records of t_category
-- ----------------------------
INSERT INTO `t_category` VALUES ('0D6C1E9516974889ABD2B67AFCEE647D', '5787', NULL, '', 38);
INSERT INTO `t_category` VALUES ('1', '程序设计', NULL, '程序设计分类', 1);
INSERT INTO `t_category` VALUES ('2', '办公室用书', NULL, '办公室用书', 2);
INSERT INTO `t_category` VALUES ('3', '图形 图像 多媒体', NULL, '图形图像多媒体', 3);
INSERT INTO `t_category` VALUES ('4', '操作系统/系统开发', NULL, '操作系统/系统开发', 4);
INSERT INTO `t_category` VALUES ('458795C27E7346A8A5F1B942319297E0', '系统开发', '4', '系统开发分类', 29);
INSERT INTO `t_category` VALUES ('4D01FFF0CB94468EA907EF42780668AB', '购买指南 组装指南 维修', '2', '购买指南 组装指南 维修分类', 18);
INSERT INTO `t_category` VALUES ('5', '数据库', NULL, '数据库', 5);
INSERT INTO `t_category` VALUES ('56AD72718C524147A2485E5F4A95A062', '3DS MAX', '3', '3DS MAX分类', 21);
INSERT INTO `t_category` VALUES ('57DE3C2DDA784B81844029A28217698C', 'Dreamweaver', '3', 'Dreamweaver分类', 24);
INSERT INTO `t_category` VALUES ('5F79D0D246AD4216AC04E9C5FAB3199E', 'Java Javascript', '1', 'Java Javascript分类', 10);
INSERT INTO `t_category` VALUES ('6', '网络与数据通讯', NULL, '网络与数据通讯!', 6);
INSERT INTO `t_category` VALUES ('65640549B80E40B1981CDEC269BFFCAD', 'Photoshop', '3', 'Photoshop分类', 20);
INSERT INTO `t_category` VALUES ('65830AB237EF428BAE9B7ADC78A8D1F6', 'Unix', '4', 'Unix分类', 28);
INSERT INTO `t_category` VALUES ('757BDAB506A445EC8DEDA4CE04303B9F', '网页设计', '3', '网页设计分类', 22);
INSERT INTO `t_category` VALUES ('84ECE401C2904DBEA560D04A581A66D9', 'HTML XML', '1', 'HTML XML分类', 13);
INSERT INTO `t_category` VALUES ('922E6E2DB04143D39C9DDB26365B3EE8', 'C C++ VC VC++', '1', 'C C++ VC VC++分类', 12);
INSERT INTO `t_category` VALUES ('96F209F79DB242E9B99CC1B98FAB01DB', '数据库理论', '5', '数据库理论分类', 33);
INSERT INTO `t_category` VALUES ('97DDF554DA0A460B887FBCAD4F572C09', '徐东忠00000', '0D6C1E9516974889ABD2B67AFCEE647D', '', 40);
INSERT INTO `t_category` VALUES ('A9CFBED0F77746C5BD751F2502FAB2CD', '电子商务', '6', '电子商务 电子政务分类', 35);
INSERT INTO `t_category` VALUES ('B596ECE0F9BF40288F40A66B35551806', 'Flush', '3', 'Flush分类', 23);
INSERT INTO `t_category` VALUES ('B92ED191DBE647BE8F75721FB231E207', '因特网 电子邮件', '2', '因特网 电子邮件分类', 19);
INSERT INTO `t_category` VALUES ('C013802B2C364D899B1D8C1213122F09', 'aaaa啊啊啊', '0D6C1E9516974889ABD2B67AFCEE647D', 'sad', 39);
INSERT INTO `t_category` VALUES ('C3F9FAAF4EA64857ACFAB0D9C8D0E446', 'PHP', '1', 'PHP分类', 14);
INSERT INTO `t_category` VALUES ('C4DD8CA232864B31A367EE135D86382C', '计算机初级入门', '2', '计算机初级入门分类', 17);
INSERT INTO `t_category` VALUES ('C8E274EE5C99499080A98E24F0BD2E03', '.NET', '1', '.NET分类', 15);
INSERT INTO `t_category` VALUES ('D45D96DA359A4FEAB3AB4DCF2157FC06', 'JSP', '1', 'JSP分类', 11);
INSERT INTO `t_category` VALUES ('DCAD0384A6444C048951C7B36C5D96EE', 'Flash', '3', 'Flash分类', 25);
INSERT INTO `t_category` VALUES ('F4FBD087EB054CA1896093F172AC33D9', '数据仓库与数据挖掘', '5', '数据仓库与数据挖掘分类', 30);
INSERT INTO `t_category` VALUES ('F5C091B3967442A2B35EFEFC4EF8746F', '微软Office', '2', '微软Office分类', 16);
INSERT INTO `t_category` VALUES ('FAB7B7F7084F4D57A0808ADC61117683', 'Windows', '4', 'Windows分类', 26);

-- ----------------------------
-- Table structure for t_order
-- ----------------------------
DROP TABLE IF EXISTS `t_order`;
CREATE TABLE `t_order`  (
  `oid` char(32) CHARACTER SET utf8 COLLATE utf8_general_ci NOT NULL,
  `ordertime` char(19) CHARACTER SET utf8 COLLATE utf8_general_ci DEFAULT NULL,
  `total` decimal(10, 2) DEFAULT NULL,
  `status` int(11) DEFAULT NULL,
  `address` varchar(1000) CHARACTER SET utf8 COLLATE utf8_general_ci DEFAULT NULL,
  `uid` char(32) CHARACTER SET utf8 COLLATE utf8_general_ci DEFAULT NULL,
  PRIMARY KEY (`oid`) USING BTREE,
  INDEX `FK_t_order_t_user`(`uid`) USING BTREE,
  CONSTRAINT `FK_t_order_t_user` FOREIGN KEY (`uid`) REFERENCES `t_user` (`uid`) ON DELETE RESTRICT ON UPDATE RESTRICT
) ENGINE = InnoDB CHARACTER SET = utf8 COLLATE = utf8_general_ci ROW_FORMAT = Compact;

-- ----------------------------
-- Records of t_order
-- ----------------------------
INSERT INTO `t_order` VALUES ('03467824B11B41AC9508D1F234670E27', '2019-07-01 08:12:33', 29.90, 1, '山东省 烟台市 滨海中路  2018号 烟台职业学院 徐东忠收', '37BF0A7B46804D2AA34E92D8318C1435');
INSERT INTO `t_order` VALUES ('0BB3CB5E33B14D93BEF7C08B54BED7A1', '2019-07-02 11:45:56', 594.00, 1, '山东省 烟台市 滨海中路  2018号 烟台职业学院 徐东忠收', '37BF0A7B46804D2AA34E92D8318C1435');
INSERT INTO `t_order` VALUES ('176B210FF8A24C8EA22C4178F35F43DE', '2019-07-01 08:11:13', 81.40, 1, '山东省 烟台市 滨海中路  2018号 烟台职业学院 徐东忠收', '37BF0A7B46804D2AA34E92D8318C1435');
INSERT INTO `t_order` VALUES ('366CAC8E9B3F4F938E5AC58611328729', '2019-07-01 08:12:11', 55.10, 1, '山东省 烟台市 滨海中路  2018号 烟台职业学院 徐东忠收', '37BF0A7B46804D2AA34E92D8318C1435');
INSERT INTO `t_order` VALUES ('48844FD29061480BA3E64F380F63E04C', '2019-07-01 08:10:00', 55.10, 1, '山东省 烟台市 滨海中路  2018号 烟台职业学院 徐东忠收', '37BF0A7B46804D2AA34E92D8318C1435');
INSERT INTO `t_order` VALUES ('7438FD5CA21448D98F8FFE1CCFF41F5C', '2019-07-01 08:11:27', 61.40, 1, '山东省 烟台市 滨海中路  2018号 烟台职业学院 徐东忠收', '37BF0A7B46804D2AA34E92D8318C1435');
INSERT INTO `t_order` VALUES ('9D30E3E7F96C4995BFF6DAF111FD418D', '2019-07-01 08:11:00', 51.00, 1, '山东省 烟台市 滨海中路  2018号 烟台职业学院 徐东忠收', '37BF0A7B46804D2AA34E92D8318C1435');
INSERT INTO `t_order` VALUES ('B5B796653ABC40CAB863FE829978FC5F', '2019-07-01 08:12:01', 133.50, 1, '山东省 烟台市 滨海中路  2018号 烟台职业学院 徐东忠收', '37BF0A7B46804D2AA34E92D8318C1435');
INSERT INTO `t_order` VALUES ('C68ED23CB0CB41F1801449AE2FF73B3E', '2019-07-01 08:11:51', 47.40, 1, '山东省 烟台市 滨海中路  2018号 烟台职业学院 徐东忠收', '37BF0A7B46804D2AA34E92D8318C1435');
INSERT INTO `t_order` VALUES ('F5293E7DADE643E6B39CCDF92D95AE0B', '2019-07-01 08:12:26', 54.50, 1, '山东省 烟台市 滨海中路  2018号 烟台职业学院 徐东忠收', '37BF0A7B46804D2AA34E92D8318C1435');

-- ----------------------------
-- Table structure for t_orderitem
-- ----------------------------
DROP TABLE IF EXISTS `t_orderitem`;
CREATE TABLE `t_orderitem`  (
  `orderItemId` char(32) CHARACTER SET utf8 COLLATE utf8_general_ci NOT NULL,
  `quantity` int(11) DEFAULT NULL,
  `subtotal` decimal(8, 2) DEFAULT NULL,
  `bid` char(32) CHARACTER SET utf8 COLLATE utf8_general_ci DEFAULT NULL,
  `bname` varchar(200) CHARACTER SET utf8 COLLATE utf8_general_ci DEFAULT NULL,
  `currPrice` decimal(8, 2) DEFAULT NULL,
  `image_b` varchar(100) CHARACTER SET utf8 COLLATE utf8_general_ci DEFAULT NULL,
  `oid` char(32) CHARACTER SET utf8 COLLATE utf8_general_ci DEFAULT NULL,
  PRIMARY KEY (`orderItemId`) USING BTREE,
  INDEX `FK_t_orderitem_t_order`(`oid`) USING BTREE,
  CONSTRAINT `FK_t_orderitem_t_order` FOREIGN KEY (`oid`) REFERENCES `t_order` (`oid`) ON DELETE RESTRICT ON UPDATE RESTRICT
) ENGINE = InnoDB CHARACTER SET = utf8 COLLATE = utf8_general_ci ROW_FORMAT = Compact;

-- ----------------------------
-- Records of t_orderitem
-- ----------------------------
INSERT INTO `t_orderitem` VALUES ('6E6D508313E64F26B9704A24F7DFA764', 1, 55.10, '819FF56E4423462394E6F83882F78975', '学通Java Web的24堂课（配光盘）（软件开发羊皮卷）', 55.10, 'book_img/21118835-1_b.jpg', '366CAC8E9B3F4F938E5AC58611328729');
INSERT INTO `t_orderitem` VALUES ('7413F55937E1465890EE91886FFF10E8', 1, 61.40, '39F1D0803E8F4592AE1245CACE683214', 'Java程序员修炼之道', 61.40, 'book_img/23301847-1_b.jpg', '7438FD5CA21448D98F8FFE1CCFF41F5C');
INSERT INTO `t_orderitem` VALUES ('7D28F5240BBD463D83DA8C093F0B2975', 1, 47.60, '7C0C785FFBEC4DEC802FA36E8B0BC87E', '深入分析Java Web技术内幕', 47.60, 'book_img/22881803-1_b.jpg', '0BB3CB5E33B14D93BEF7C08B54BED7A1');
INSERT INTO `t_orderitem` VALUES ('9DD02A13D9F5421191A655B6DDFB7DD5', 1, 29.90, '9787518044504', 'Word Excel PPT现代商务办公从新手到高手一本通 全彩升级版 Word/Excel/PPT现代商务办公应用 让你从新手到高手从入门到精通 word文档制作 excel公式与函数高效办公 ppt幻灯片极具说服力 手机扫码随时看教程', 29.90, 'book_img/25276341-1_b_3.jpg', '03467824B11B41AC9508D1F234670E27');
INSERT INTO `t_orderitem` VALUES ('A59FD19CB8524B8E83044F6714B957CD', 1, 81.40, '28A03D28BAD449659A77330BE35FCD65', 'JAVA核心技术卷II：高级特性（原书第8版）', 81.40, 'book_img/20446562-1_b.jpg', '176B210FF8A24C8EA22C4178F35F43DE');
INSERT INTO `t_orderitem` VALUES ('ADA5B81207404EFEB3BCE373C24539D6', 8, 546.40, '676B56A612AF4E968CF0F6FFE289269D', 'JavaScript和jQuery实战手册（原书第2版）', 68.30, 'book_img/23201813-1_b.jpg', '0BB3CB5E33B14D93BEF7C08B54BED7A1');
INSERT INTO `t_orderitem` VALUES ('BF372B0AB7BC4C34B0046053CA926AEB', 1, 54.50, 'D8723405BA054C13B52357B8F6AEEC24', '深入理解Java虚拟机：JVM高级特性与最佳实践（第2版）', 54.50, 'book_img/23259731-1_b.jpg', 'F5293E7DADE643E6B39CCDF92D95AE0B');
INSERT INTO `t_orderitem` VALUES ('CF4E873ABFA44887A0C0A70A7BBCFEB8', 1, 55.10, '819FF56E4423462394E6F83882F78975', '学通Java Web的24堂课（配光盘）（软件开发羊皮卷）', 55.10, 'book_img/21118835-1_b.jpg', '48844FD29061480BA3E64F380F63E04C');
INSERT INTO `t_orderitem` VALUES ('D83DD84986474324AF9101279CEE326D', 1, 51.00, '7FD7F50B15F74248AA769798909F8653', 'Java网络编程（第3版）——O’Reilly Java系列', 51.00, 'book_img/9062293-1_b.jpg', '9D30E3E7F96C4995BFF6DAF111FD418D');
INSERT INTO `t_orderitem` VALUES ('ECC9EBD3ADF946578C7779A05A8B7006', 1, 47.40, '95AACC68D64D4D67B1E33E9EAC22B885', 'Head First Java（中文版）（JAVA经典畅销书 生动有趣 轻松学好JAVA）', 47.40, 'book_img/9265169-1_b.jpg', 'C68ED23CB0CB41F1801449AE2FF73B3E');
INSERT INTO `t_orderitem` VALUES ('FD362E71F90C4E58AD67DB958CD92B82', 1, 133.50, '25167007', '和秋叶一起学Word Excel PPT(套装共3册） 让秋叶PPT带你学办公软件 学PowerPoint幻灯片学excel数据处理与分析学word文档制作 现代商务办公从新手到高手教程书籍 赠数百套模板和文件 还有技术分享和秋叶原创作品等资源 获取见书签', 133.50, 'book_img/25167007-1_b_4.jpg', 'B5B796653ABC40CAB863FE829978FC5F');

-- ----------------------------
-- Table structure for t_user
-- ----------------------------
DROP TABLE IF EXISTS `t_user`;
CREATE TABLE `t_user`  (
  `uid` char(32) CHARACTER SET utf8 COLLATE utf8_general_ci NOT NULL,
  `loginname` varchar(50) CHARACTER SET utf8 COLLATE utf8_general_ci DEFAULT NULL,
  `loginpass` varchar(50) CHARACTER SET utf8 COLLATE utf8_general_ci DEFAULT NULL,
  `email` varchar(50) CHARACTER SET utf8 COLLATE utf8_general_ci DEFAULT NULL,
  `status` tinyint(1) DEFAULT NULL,
  `activationCode` char(64) CHARACTER SET utf8 COLLATE utf8_general_ci DEFAULT NULL,
  PRIMARY KEY (`uid`) USING BTREE,
  UNIQUE INDEX `loginname`(`loginname`) USING BTREE
) ENGINE = InnoDB CHARACTER SET = utf8 COLLATE = utf8_general_ci ROW_FORMAT = Compact;

-- ----------------------------
-- Records of t_user
-- ----------------------------
INSERT INTO `t_user` VALUES ('37BF0A7B46804D2AA34E92D8318C1435', 'xdz', 'xdz111', '2544961038@qq.com', 1, '1528062C6F014F3B9E9E214C774C60AEF133604D22044D9CAD50EFC0A312612C');

SET FOREIGN_KEY_CHECKS = 1;
